week,producer_code,product_id,quantity.x,cost.x,price.x,quantity.y,cost.y,price.y,undelivered,unplanned,discrepancy
2021-06-06,CHO,3266,5,28.8,NA,NA,NA,NA,1,0,NA
2021-06-06,CVP,3266,5,28.8,NA,NA,NA,NA,1,0,NA
2021-06-06,HAF,3266,5,28.8,NA,NA,NA,NA,1,0,NA
2021-06-06,KLF,3278,8,33.75,NA,NA,NA,NA,1,0,NA
2021-06-06,NTN,3266,6,28.8,NA,NA,NA,NA,1,0,NA
2021-06-06,NTN,3813,15,36,NA,NA,NA,NA,1,0,NA
2021-06-06,POG,3806,38,36,NA,19,36,39.96,0,0,-0.5
2021-06-06,SGC,3266,5,28.8,NA,NA,NA,NA,1,0,NA
2021-06-06,YMF,3266,12,28.8,NA,NA,NA,NA,1,0,NA
2021-06-06,YMF,3806,38,36,NA,NA,NA,NA,1,0,NA
2021-06-13,CHO,3278,30,33.75,NA,82,33.75,37.46,0,0,1.7333333333333334
2021-06-13,CVP,3266,5,28.8,NA,5,28.8,31.97,0,0,0
2021-06-13,DTF,3806,15,36,NA,NA,NA,NA,1,0,NA
2021-06-13,HAF,3266,6,28.8,NA,6,28.8,31.97,0,0,0
2021-06-13,KLF,3278,10,33.75,NA,10,33.75,37.46,0,0,0
2021-06-13,NTN,3266,11,28.8,NA,39,28.8,31.97,0,0,2.5454545454545454
2021-06-13,POG,3775,36,30,NA,NA,NA,NA,1,0,NA
2021-06-13,SEE,3304,38,48,NA,NA,NA,NA,1,0,NA
2021-06-13,SGC,3266,5,28.8,NA,5,28.8,31.97,0,0,0
2021-06-13,WKH,3806,5,36,NA,5,36,39.96,0,0,0
2021-06-13,YMF,3266,11,28.8,NA,11,28.8,31.97,0,0,0
2021-06-13,YMF,3813,38,36,NA,24,36,39.96,0,0,-0.3684210526315789
2021-06-20,CBS,3278,10,33.75,NA,10,33.75,37.46,0,0,0
2021-06-20,CHO,3266,5,28.8,NA,5,28.8,31.97,0,0,0
2021-06-20,CHO,3806,15,36,NA,NA,NA,NA,1,0,NA
2021-06-20,CVP,3266,5,28.8,NA,5,28.8,31.97,0,0,0
2021-06-20,D2D,3278,5,33.75,NA,5,33.75,37.46,0,0,0
2021-06-20,DTF,3806,15,36,NA,NA,NA,NA,1,0,NA
2021-06-20,HAF,3266,5,28.8,NA,5,28.8,31.97,0,0,0
2021-06-20,HAF,3806,10,36,NA,17,36,39.96,0,0,0.7
2021-06-20,KLF,3278,10,33.75,NA,10,33.75,37.46,0,0,0
2021-06-20,MHG,3278,5,33.75,NA,NA,NA,NA,1,0,NA
2021-06-20,NTN,3266,7,28.8,NA,NA,NA,NA,1,0,NA
2021-06-20,PBY,3573,30,40,NA,NA,NA,NA,1,0,NA
2021-06-20,POG,3669,38,36,NA,38,36,39.96,0,0,0
2021-06-20,SGC,3266,5,28.8,NA,5,28.8,31.97,0,0,0
2021-06-20,WKH,3573,10,40,NA,10,40,44.4,0,0,0
2021-06-20,WKH,3806,18,36,NA,18,36,39.96,0,0,0
2021-06-20,YMF,3266,11,28.8,NA,NA,NA,NA,1,0,NA
2021-06-20,YMF,3806,38,36,NA,15,36,39.96,0,0,-0.6052631578947368
2021-06-27,CBS,3278,15,33.75,NA,10,33.75,37.46,0,0,-0.3333333333333333
2021-06-27,CHO,3266,5,28.8,NA,NA,NA,NA,1,0,NA
2021-06-27,CHO,3278,30,33.75,NA,NA,NA,NA,1,0,NA
2021-06-27,CHO,3806,15,36,NA,NA,NA,NA,1,0,NA
2021-06-27,CVP,3266,5,28.8,NA,5,28.8,31.97,0,0,0
2021-06-27,D2D,3278,5,33.75,NA,9,33.75,37.46,0,0,0.8
2021-06-27,DTF,3806,15,36,NA,NA,NA,NA,1,0,NA
2021-06-27,HAF,3266,7,28.8,NA,7,28.8,31.97,0,0,0
2021-06-27,KLF,3278,5,33.75,NA,5,33.75,37.46,0,0,0
2021-06-27,MHG,3278,7,33.75,NA,NA,NA,NA,1,0,NA
2021-06-27,NTN,3266,5,28.8,NA,5,28.8,31.97,0,0,0
2021-06-27,POG,3806,38,36,NA,NA,NA,NA,1,0,NA
2021-06-27,SEE,NA,19,36,NA,NA,NA,NA,1,0,NA
2021-06-27,SGC,3266,5,28.8,NA,5,28.8,31.97,0,0,0
2021-06-27,WKH,3278,8,33.75,NA,NA,NA,NA,1,0,NA
2021-06-27,WKH,3573,45,40,NA,NA,NA,NA,1,0,NA
2021-06-27,WKH,3806,15,36,NA,NA,NA,NA,1,0,NA
2021-06-27,YMF,3216,36,60,NA,NA,NA,NA,1,0,NA
2021-06-27,YMF,3266,11,28.8,NA,11,28.8,31.97,0,0,0
2021-06-27,YMF,3806,5,36,NA,NA,NA,NA,1,0,NA
2021-07-04,CBS,3278,20,33.75,NA,5,33.75,37.46,0,0,-0.75
2021-07-04,CHO,3266,11,28.8,NA,NA,NA,NA,1,0,NA
2021-07-04,CHO,3806,15,36,NA,NA,NA,NA,1,0,NA
2021-07-04,CVP,3266,11,28.8,NA,11,28.8,31.97,0,0,0
2021-07-04,D2D,3278,5,33.75,NA,NA,NA,NA,1,0,NA
2021-07-04,DTF,3806,15,36,NA,NA,NA,NA,1,0,NA
2021-07-04,HAF,3266,11,28.8,NA,11,28.8,31.97,0,0,0
2021-07-04,HAF,3806,10,36,NA,10,36,39.96,0,0,0
2021-07-04,KLF,3278,8,33.75,NA,8,33.75,37.46,0,0,0
2021-07-04,LXF,3361,30,20,NA,NA,NA,NA,1,0,NA
2021-07-04,MHG,3278,5,33.75,NA,NA,NA,NA,1,0,NA
2021-07-04,NTN,3266,11,28.8,NA,11,28.8,31.97,0,0,0
2021-07-04,SEE,3326,38,42,NA,30,42,46.62,0,0,-0.21052631578947367
2021-07-04,SGC,3266,11,28.8,NA,11,28.8,31.97,0,0,0
2021-07-04,WKH,3361,15,20,NA,NA,NA,NA,1,0,NA
2021-07-04,WKH,3806,18,36,NA,NA,NA,NA,1,0,NA
2021-07-04,YMF,3099,75,36,NA,NA,NA,NA,1,0,NA
2021-07-04,YMF,3266,11,28.8,NA,NA,NA,NA,1,0,NA
2021-07-04,YMF,3401,18,62.5,NA,NA,NA,NA,1,0,NA
2021-07-04,YMF,3775,18,30,NA,15,30,33.3,0,0,-0.16666666666666666
2021-07-04,YMF,3806,15,36,NA,NA,NA,NA,1,0,NA
2021-07-11,AFC,3138,5,36,NA,3,36,39.96,0,0,-0.4
2021-07-11,AFC,3184,6,20,NA,3,20,22.2,0,0,-0.5
2021-07-11,CBS,3278,20,33.75,NA,NA,NA,NA,1,0,NA
2021-07-11,CBS,3361,30,20,NA,NA,NA,NA,1,0,NA
2021-07-11,CHO,3361,30,20,NA,NA,NA,NA,1,0,NA
2021-07-11,CLP,3361,6,20,NA,NA,NA,NA,1,0,NA
2021-07-11,D2D,3138,10,36,NA,10,36,39.96,0,0,0
2021-07-11,D2D,3184,30,20,NA,9,20,22.2,0,0,-0.7
2021-07-11,D2D,3278,5,33.75,NA,5,33.75,37.46,0,0,0
2021-07-11,HAF,3138,38,36,NA,38,36,39.96,0,0,0
2021-07-11,HAF,3278,10,33.75,NA,3,33.75,37.46,0,0,-0.7
2021-07-11,HAF,3361,38,20,NA,13,20,22.2,0,0,-0.6578947368421053
2021-07-11,KLF,3278,20,33.75,NA,24,33.75,37.46,0,0,0.2
2021-07-11,LXF,3184,30,20,NA,55,20,22.2,0,0,0.8333333333333334
2021-07-11,MHG,3184,30,20,NA,NA,NA,NA,1,0,NA
2021-07-11,MHG,3278,5,33.75,NA,NA,NA,NA,1,0,NA
2021-07-11,MHG,3361,30,20,NA,NA,NA,NA,1,0,NA
2021-07-11,MLG,3138,10,36,NA,7,36,39.96,0,0,-0.3
2021-07-11,SEE,3202,23,40,NA,NA,NA,NA,1,0,NA
2021-07-11,SGC,3184,6,20,NA,20,20,22.2,0,0,2.3333333333333335
2021-07-11,SGC,3361,6,20,NA,15,20,22.2,0,0,1.5
2021-07-11,WKH,3184,30,20,NA,NA,NA,NA,1,0,NA
2021-07-11,WKH,3361,30,20,NA,NA,NA,NA,1,0,NA
2021-07-18,AFC,3184,6,20,NA,3,20,22.2,0,0,-0.5
2021-07-18,CBS,3278,20,33.75,NA,4,33.75,37.46,0,0,-0.8
2021-07-18,CBS,3361,30,20,NA,7,20,22.2,0,0,-0.7666666666666667
2021-07-18,CHO,3361,30,20,NA,NA,NA,NA,1,0,NA
2021-07-18,CHO,3754,10,34,NA,NA,NA,NA,1,0,NA
2021-07-18,CHO,3813,10,36,NA,NA,NA,NA,1,0,NA
2021-07-18,CLP,3361,6,20,NA,12,20,22.2,0,0,1
2021-07-18,CLP,3813,10,36,NA,10,36,39.96,0,0,0
2021-07-18,D2D,3184,30,20,NA,9,20,22.2,0,0,-0.7
2021-07-18,D2D,3278,5,33.75,NA,2,33.75,37.46,0,0,-0.6
2021-07-18,D2D,3813,10,36,NA,14,36,39.96,0,0,0.4
2021-07-18,HAF,3364,38,36,NA,NA,NA,NA,1,0,NA
2021-07-18,KLF,3278,20,33.75,NA,26,33.75,37.46,0,0,0.3
2021-07-18,LXF,3184,30,20,NA,50,20,22.2,0,0,0.6666666666666666
2021-07-18,LXF,3361,30,20,NA,NA,NA,NA,1,0,NA
2021-07-18,MHG,3184,30,20,NA,NA,NA,NA,1,0,NA
2021-07-18,MHG,3278,5,33.75,NA,NA,NA,NA,1,0,NA
2021-07-18,MHG,3361,30,20,NA,NA,NA,NA,1,0,NA
2021-07-18,NTN,3813,10,36,NA,30,36,39.96,0,0,2
2021-07-18,PLT,3813,10,36,NA,10,36,39.96,0,0,0
2021-07-18,SEE,3202,23,40,NA,40,34,37.74,0,0,0.7391304347826086
2021-07-18,SGC,3184,6,20,NA,26,20,22.2,0,0,3.3333333333333335
2021-07-18,SGC,3361,6,20,NA,6,20,22.2,0,0,0
2021-07-18,WKH,3184,45,20,NA,17,20,22.2,0,0,-0.6222222222222222
2021-07-18,WKH,3361,45,20,NA,31,20,22.2,0,0,-0.3111111111111111
2021-07-18,YMF,3184,30,20,NA,10,20,22.2,0,0,-0.6666666666666666
2021-07-18,NA,3754,10,34,NA,NA,NA,NA,1,0,NA
2021-07-25,AFC,3184,6,20,NA,6,20,22.2,0,0,0
2021-07-25,CBS,3153,6,25.5,NA,9,25.5,28.31,0,0,0.5
2021-07-25,CBS,3361,30,20,NA,NA,NA,NA,1,0,NA
2021-07-25,CBS,3404,90,28,NA,155,28,31.915,0,0,0.7222222222222222
2021-07-25,CHO,3361,30,20,NA,NA,NA,NA,1,0,NA
2021-07-25,CLP,3361,6,20,NA,6,20,22.2,0,0,0
2021-07-25,D2D,3184,30,20,NA,10,20,22.2,0,0,-0.6666666666666666
2021-07-25,D2D,3401,15,62.5,NA,25,62.5,69.38,0,0,0.6666666666666666
2021-07-25,HAF,3401,5,62.5,NA,5,62.5,69.38,0,0,0
2021-07-25,LXF,3184,30,20,NA,66,20,22.2,0,0,1.2
2021-07-25,MHG,3184,30,20,NA,NA,NA,NA,1,0,NA
2021-07-25,MHG,3361,30,20,NA,NA,NA,NA,1,0,NA
2021-07-25,MKV,3759,15,40,NA,NA,NA,NA,1,0,NA
2021-07-25,MLG,3401,15,62.5,NA,NA,NA,NA,1,0,NA
2021-07-25,MLP,3759,15,40,NA,NA,NA,NA,1,0,NA
2021-07-25,PBY,3401,15,62.5,NA,20,62.5,69.38,0,0,0.3333333333333333
2021-07-25,POG,NA,38,36,NA,NA,NA,NA,1,0,NA
2021-07-25,SEE,3202,23,40,NA,17,34,44.4,0,0,-0.2608695652173913
2021-07-25,SGC,3184,6,20,NA,36,20,22.2,0,0,5
2021-07-25,SGC,3361,6,20,NA,6,20,22.2,0,0,0
2021-07-25,SGC,3828,15,35,NA,NA,NA,NA,1,0,NA
2021-07-25,WKH,3184,30,20,NA,NA,NA,NA,1,0,NA
2021-07-25,WKH,3361,30,20,NA,NA,NA,NA,1,0,NA
2021-07-25,NA,3759,10,40,NA,NA,NA,NA,1,0,NA
2021-08-01,AFC,3184,6,20,NA,6,20,22.2,0,0,0
2021-08-01,CBS,3361,30,20,NA,20,20,22.2,0,0,-0.3333333333333333
2021-08-01,CBS,3404,66,28,NA,66,28,31.08,0,0,0
2021-08-01,CHO,3361,30,20,NA,15,20,22.2,0,0,-0.5
2021-08-01,CHO,3813,10,36,NA,NA,NA,NA,1,0,NA
2021-08-01,CLP,3361,6,20,NA,6,20,22.2,0,0,0
2021-08-01,CLP,3717,18,31.62,NA,NA,NA,NA,1,0,NA
2021-08-01,CLP,3813,10,36,NA,10,36,39.96,0,0,0
2021-08-01,D2D,3184,30,20,NA,12,20,22.2,0,0,-0.6
2021-08-01,D2D,3813,10,36,NA,10,36,39.96,0,0,0
2021-08-01,HAF,3138,38,36,NA,38,36,39.96,0,0,0
2021-08-01,LXF,3184,30,20,NA,30,20,22.2,0,0,0
2021-08-01,LXF,3361,30,20,NA,NA,NA,NA,1,0,NA
2021-08-01,MHG,3184,30,20,NA,NA,NA,NA,1,0,NA
2021-08-01,MHG,3361,30,20,NA,NA,NA,NA,1,0,NA
2021-08-01,NTN,3813,10,36,NA,10,36,39.96,0,0,0
2021-08-01,PLT,3813,10,36,NA,10,36,39.96,0,0,0
2021-08-01,SEE,3202,23,40,NA,26,32.25,35.8,0,0,0.13043478260869565
2021-08-01,SGC,3184,6,20,NA,6,20,22.2,0,0,0
2021-08-01,SGC,3361,6,20,NA,6,20,22.2,0,0,0
2021-08-01,WKH,3184,30,20,NA,27,20,22.2,0,0,-0.1
2021-08-01,WKH,3361,45,20,NA,14,20,22.2,0,0,-0.6888888888888889
2021-08-01,YMF,3717,18,31.62,NA,NA,NA,NA,1,0,NA
2021-08-08,AFC,3184,21,20,NA,13,20,22.2,0,0,-0.38095238095238093
2021-08-08,CBS,3361,30,20,NA,15,20,22.2,0,0,-0.5
2021-08-08,CHO,3361,30,20,NA,45,20,22.2,0,0,0.5
2021-08-08,CLP,3361,6,20,NA,6,20,22.2,0,0,0
2021-08-08,D2D,3184,45,20,NA,10,20,22.2,0,0,-0.7777777777777778
2021-08-08,D2D,3401,15,62.5,NA,15,62.5,69.38,0,0,0
2021-08-08,D2D,3758,33,20,NA,NA,NA,NA,1,0,NA
2021-08-08,KHF,3759,23,40,NA,23,40,44.4,0,0,0
2021-08-08,LXF,3184,30,20,NA,30,20,22.2,0,0,0
2021-08-08,LXF,3828,36,35,NA,45,28,31.08,0,0,0.25
2021-08-08,MHG,3184,30,20,NA,30,20,22.2,0,0,0
2021-08-08,MHG,3361,30,20,NA,NA,NA,NA,1,0,NA
2021-08-08,MKV,3759,20,40,NA,20,40,44.4,0,0,0
2021-08-08,MLG,3401,15,62.5,NA,15,62.5,69.38,0,0,0
2021-08-08,PBY,3401,15,62.5,NA,15,62.5,69.38,0,0,0
2021-08-08,PBY,3759,20,40,NA,20,40,44.4,0,0,0
2021-08-08,PLT,3758,33,20,NA,33,20,22.2,0,0,0
2021-08-08,SGC,3184,6,20,NA,6,20,22.2,0,0,0
2021-08-08,SGC,3361,6,20,NA,21,20,22.2,0,0,2.5
2021-08-08,SGC,3759,20,40,NA,20,40,44.4,0,0,0
2021-08-08,WKH,3132,18,31.62,NA,NA,NA,NA,1,0,NA
2021-08-08,WKH,3184,45,20,NA,12,20,22.2,0,0,-0.7333333333333333
2021-08-08,WKH,3361,30,20,NA,NA,NA,NA,1,0,NA
2021-08-08,WKH,3759,20,40,NA,NA,NA,NA,1,0,NA
2021-08-08,YMF,3132,18,31.62,NA,NA,NA,NA,1,0,NA
2021-08-08,YMF,3401,5,62.5,NA,5,62.5,69.38,0,0,0
2021-08-15,AFC,3138,5,36,NA,5,36,39.96,0,0,0
2021-08-15,AFC,3405,6,51,NA,NA,NA,NA,1,0,NA
2021-08-15,CBS,3153,20,25.5,NA,20,25.5,28.31,0,0,0
2021-08-15,CBS,3361,30,20,NA,8,20,22.2,0,0,-0.7333333333333333
2021-08-15,CHO,3202,9,40,NA,15,40,44.4,0,0,0.6666666666666666
2021-08-15,CHO,3361,30,20,NA,NA,NA,NA,1,0,NA
2021-08-15,CHO,3364,5,36,NA,NA,NA,NA,1,0,NA
2021-08-15,CHO,3813,10,36,NA,NA,NA,NA,1,0,NA
2021-08-15,CHO,3828,20,35,NA,NA,NA,NA,1,0,NA
2021-08-15,CLP,3361,6,20,NA,6,20,22.2,0,0,0
2021-08-15,CLP,3813,10,36,NA,10,36,39.96,0,0,0
2021-08-15,CLP,3828,10,35,NA,10,35,38.85,0,0,0
2021-08-15,CVP,3166,10,50,NA,10,50,55.5,0,0,0
2021-08-15,D2D,3138,10,36,NA,9,36,39.96,0,0,-0.1
2021-08-15,D2D,3758,33,20,NA,NA,NA,NA,1,0,NA
2021-08-15,D2D,3813,10,36,NA,10,36,39.96,0,0,0
2021-08-15,KLF,3364,10,36,NA,10,36,39.96,0,0,0
2021-08-15,KSL,3202,12,40,NA,13,40,44.4,0,0,0.08333333333333333
2021-08-15,LXF,3166,10,50,NA,10,50,55.5,0,0,0
2021-08-15,LXF,3449,36,25,NA,NA,NA,NA,1,0,NA
2021-08-15,LXF,3539,75,33.6,NA,62,33.6,37.3,0,0,-0.17333333333333334
2021-08-15,MHG,3153,8,25.5,NA,8,25.5,28.31,0,0,0
2021-08-15,MHG,3361,30,20,NA,NA,NA,NA,1,0,NA
2021-08-15,MKV,3166,10,50,NA,10,50,55.5,0,0,0
2021-08-15,MLG,3138,10,36,NA,10,36,39.96,0,0,0
2021-08-15,MLG,3828,20,35,NA,20,35,38.85,0,0,0
2021-08-15,MLP,3202,12,40,NA,9,40,44.4,0,0,-0.25
2021-08-15,NTN,3813,10,36,NA,10,36,39.96,0,0,0
2021-08-15,NTN,3828,20,35,NA,20,35,38.85,0,0,0
2021-08-15,PBY,3166,10,50,NA,NA,NA,NA,1,0,NA
2021-08-15,PBY,3202,12,40,NA,12,40,44.4,0,0,0
2021-08-15,PLT,3153,8,25.5,NA,8,25.5,28.31,0,0,0
2021-08-15,PLT,3364,10,36,NA,10,36,39.96,0,0,0
2021-08-15,PLT,3405,30,51,NA,30,51,56.61,0,0,0
2021-08-15,PLT,3758,33,20,NA,33,20,22.2,0,0,0
2021-08-15,PLT,3813,10,36,NA,10,36,39.96,0,0,0
2021-08-15,POG,3669,38,36,NA,38,36,39.96,0,0,0
2021-08-15,POG,3717,36,31.62,NA,NA,NA,NA,1,0,NA
2021-08-15,SGC,3153,30,25.5,NA,20,25.5,28.31,0,0,-0.3333333333333333
2021-08-15,SGC,3361,6,20,NA,6,20,22.2,0,0,0
2021-08-15,SGC,3828,10,35,NA,4,35,38.85,0,0,-0.6
2021-08-15,WKH,3361,30,20,NA,NA,NA,NA,1,0,NA
2021-08-22,AFC,3200,10,30,NA,NA,NA,NA,1,0,NA
2021-08-22,AFC,3201,6,35,NA,6,35,38.85,0,0,0
2021-08-22,AFC,3405,6,51,NA,NA,NA,NA,1,0,NA
2021-08-22,CBS,3153,20,25.5,NA,20,25.5,28.31,0,0,0
2021-08-22,CBS,3201,20,35,NA,20,35,38.85,0,0,0
2021-08-22,CBS,3404,66,28,NA,NA,NA,NA,1,0,NA
2021-08-22,CHO,3200,20,30,NA,52,32.5,36.075,0,0,1.6
2021-08-22,CHO,3458,8,35,NA,NA,NA,NA,1,0,NA
2021-08-22,CHO,3828,20,35,NA,NA,NA,NA,1,0,NA
2021-08-22,CLP,3717,50,31.62,NA,50,31.62,35.1,0,0,0
2021-08-22,CLP,3828,10,35,NA,10,35,38.85,0,0,0
2021-08-22,CVP,3171,10,50,NA,10,50,55.5,0,0,0
2021-08-22,D2D,3758,33,20,NA,NA,NA,NA,1,0,NA
2021-08-22,DTF,3202,53,40,NA,53,40,44.4,0,0,0
2021-08-22,HAF,3364,38,36,NA,NA,NA,NA,1,0,NA
2021-08-22,HAF,3458,8,35,NA,NA,NA,NA,1,0,NA
2021-08-22,HAF,3613,36,26.31,NA,36,26.31,29.2,0,0,0
2021-08-22,KHF,3166,9,50,NA,NA,NA,NA,1,0,NA
2021-08-22,KHF,3202,13,40,NA,13,40,44.4,0,0,0
2021-08-22,KLF,3717,25,31.62,NA,25,31.62,35.1,0,0,0
2021-08-22,LXF,3171,10,50,NA,NA,NA,NA,1,0,NA
2021-08-22,MHG,3153,8,25.5,NA,8,25.5,28.31,0,0,0
2021-08-22,MHG,3200,25,30,NA,50,35,36.075,0,0,1
2021-08-22,MKV,3171,10,50,NA,10,50,55.5,0,0,0
2021-08-22,MKV,3458,25,35,NA,25,35,38.85,0,0,0
2021-08-22,MLG,3828,20,35,NA,20,35,38.85,0,0,0
2021-08-22,MLP,3166,9,50,NA,9,50,55.5,0,0,0
2021-08-22,NTN,3171,10,50,NA,10,50,55.5,0,0,0
2021-08-22,NTN,3828,20,35,NA,20,35,38.85,0,0,0
2021-08-22,PLT,3153,8,25.5,NA,8,25.5,28.31,0,0,0
2021-08-22,PLT,3405,30,51,NA,33,51,56.61,0,0,0.1
2021-08-22,PLT,3458,25,35,NA,25,35,38.85,0,0,0
2021-08-22,PLT,3758,33,20,NA,66,20,22.2,0,0,1
2021-08-22,SGC,3091,88,20.1,NA,NA,NA,NA,1,0,NA
2021-08-22,SGC,3153,39,25.5,NA,39,25.5,28.31,0,0,0
2021-08-22,SGC,3201,20,35,NA,20,35,38.85,0,0,0
2021-08-22,SGC,3828,10,35,NA,21,35,38.85,0,0,1.1
2021-08-22,YMF,3717,25,31.62,NA,25,31.62,35.1,0,0,0
2021-08-22,NA,3184,45,20,NA,NA,NA,NA,1,0,NA
2021-08-29,AFC,3200,10,30,NA,NA,NA,NA,1,0,NA
2021-08-29,AFC,3201,6,35,NA,6,35,38.85,0,0,0
2021-08-29,CBS,3153,26,25.5,NA,20,25.5,28.31,0,0,-0.23076923076923078
2021-08-29,CBS,3201,20,35,NA,20,35,38.85,0,0,0
2021-08-29,CBS,3404,90,28,NA,NA,NA,NA,1,0,NA
2021-08-29,CHO,3200,38,30,NA,38,30,38.85,0,0,0
2021-08-29,CHO,3458,8,35,NA,NA,NA,NA,1,0,NA
2021-08-29,CHO,3828,20,35,NA,6,35,38.85,0,0,-0.7
2021-08-29,CLP,3828,10,35,NA,10,35,38.85,0,0,0
2021-08-29,CVP,3166,10,50,NA,10,50,55.5,0,0,0
2021-08-29,CVP,3200,16,30,NA,NA,NA,NA,1,0,NA
2021-08-29,CVP,3755,30,31.62,NA,29,31.62,35.1,0,0,-0.03333333333333333
2021-08-29,D2D,3200,16,30,NA,16,35,38.85,0,0,0
2021-08-29,D2D,3755,27,31.62,NA,NA,NA,NA,1,0,NA
2021-08-29,DTF,3202,53,40,NA,53,40,44.4,0,0,0
2021-08-29,HAF,3458,8,35,NA,8,35,38.85,0,0,0
2021-08-29,KHF,3202,13,40,NA,13,40,44.4,0,0,0
2021-08-29,KHF,3759,23,40,NA,NA,NA,NA,1,0,NA
2021-08-29,LXF,3166,10,50,NA,10,50,55.5,0,0,0
2021-08-29,LXF,3759,20,40,NA,20,40,44.4,0,0,0
2021-08-29,MHG,3153,8,25.5,NA,8,25.5,28.31,0,0,0
2021-08-29,MHG,3200,25,30,NA,16,35,38.85,0,0,-0.36
2021-08-29,MKV,3166,10,50,NA,10,50,55.5,0,0,0
2021-08-29,MKV,3458,25,35,NA,NA,NA,NA,1,0,NA
2021-08-29,MLG,3759,20,40,NA,20,40,44.4,0,0,0
2021-08-29,MLG,3828,20,35,NA,20,35,38.85,0,0,0
2021-08-29,NTN,3755,30,31.62,NA,30,31.62,35.1,0,0,0
2021-08-29,NTN,3828,20,35,NA,20,35,38.85,0,0,0
2021-08-29,PBY,3166,10,50,NA,NA,NA,NA,1,0,NA
2021-08-29,PLT,3153,8,25.5,NA,8,25.5,28.31,0,0,0
2021-08-29,PLT,3458,25,35,NA,25,35,38.85,0,0,0
2021-08-29,POG,3755,36,31.62,NA,NA,NA,NA,1,0,NA
2021-08-29,RSV,3755,15,31.62,NA,15,31.62,35.1,0,0,0
2021-08-29,SGC,3091,50,20.1,NA,NA,NA,NA,1,0,NA
2021-08-29,SGC,3153,30,25.5,NA,30,25.5,28.31,0,0,0
2021-08-29,SGC,3201,20,35,NA,20,35,38.85,0,0,0
2021-08-29,SGC,3759,20,40,NA,11,40,44.4,0,0,-0.45
2021-08-29,SGC,3828,22,35,NA,30,35,38.85,0,0,0.36363636363636365
2021-08-29,SXF,3759,20,40,NA,20,40,44.4,0,0,0
2021-08-29,WKH,3200,16,30,NA,16,35,38.85,0,0,0
2021-08-29,YMF,3755,30,31.62,NA,30,31.62,35.1,0,0,0
2021-08-29,YMF,3759,20,40,NA,NA,NA,NA,1,0,NA
2021-09-05,AFC,3201,6,35,NA,6,35,38.85,0,0,0
2021-09-05,AFC,3813,8,36,NA,8,36,39.96,0,0,0
2021-09-05,CBS,3153,20,25.5,NA,20,25.5,28.31,0,0,0
2021-09-05,CBS,3201,20,35,NA,20,35,38.85,0,0,0
2021-09-05,CHO,3200,18,30,NA,18,35,38.85,0,0,0
2021-09-05,CHO,3202,6,40,NA,6,40,44.4,0,0,0
2021-09-05,CHO,3364,5,36,NA,NA,NA,NA,1,0,NA
2021-09-05,CHO,3458,8,35,NA,8,35,38.85,0,0,0
2021-09-05,CHO,3828,20,35,NA,4,35,38.85,0,0,-0.8
2021-09-05,CLP,3401,5,62.5,NA,5,62.5,69.38,0,0,0
2021-09-05,CLP,3813,8,36,NA,8,36,39.96,0,0,0
2021-09-05,CLP,3828,10,35,NA,10,35,38.85,0,0,0
2021-09-05,CVP,3171,10,50,NA,NA,NA,NA,1,0,NA
2021-09-05,CVP,3200,16,30,NA,NA,NA,NA,1,0,NA
2021-09-05,CVP,3401,18,62.5,NA,NA,NA,NA,1,0,NA
2021-09-05,D2D,3200,16,30,NA,NA,NA,NA,1,0,NA
2021-09-05,D2D,3401,33,62.5,NA,15,62.5,69.38,0,0,-0.5454545454545454
2021-09-05,D2D,3813,8,36,NA,NA,NA,NA,1,0,NA
2021-09-05,DTF,3202,53,40,NA,71,40,44.4,0,0,0.33962264150943394
2021-09-05,HAF,3401,10,62.5,NA,10,62.5,69.38,0,0,0
2021-09-05,HAF,3458,8,35,NA,NA,NA,NA,1,0,NA
2021-09-05,HAF,3813,8,36,NA,8,36,39.96,0,0,0
2021-09-05,KHF,3202,13,40,NA,13,40,44.4,0,0,0
2021-09-05,KLF,3364,10,36,NA,10,36,39.96,0,0,0
2021-09-05,KSL,3202,10,40,NA,20,40,44.4,0,0,1
2021-09-05,LXF,3171,10,50,NA,10,50,55.5,0,0,0
2021-09-05,MHG,3153,8,25.5,NA,8,25.5,28.31,0,0,0
2021-09-05,MKV,3171,10,50,NA,10,50,55.5,0,0,0
2021-09-05,MKV,3405,30,51,NA,36,51,56.61,0,0,0.2
2021-09-05,MKV,3458,25,35,NA,25,35,38.85,0,0,0
2021-09-05,MKV,3759,30,40,NA,20,40,44.4,0,0,-0.3333333333333333
2021-09-05,MLG,3401,15,62.5,NA,15,62.5,69.38,0,0,0
2021-09-05,MLG,3828,20,35,NA,20,35,38.85,0,0,0
2021-09-05,MLP,3202,10,40,NA,10,40,44.4,0,0,0
2021-09-05,NTN,3171,10,50,NA,10,50,55.5,0,0,0
2021-09-05,NTN,3828,20,35,NA,20,35,38.85,0,0,0
2021-09-05,PBY,3202,10,40,NA,20,40,44.4,0,0,1
2021-09-05,PBY,3401,15,62.5,NA,15,62.5,69.38,0,0,0
2021-09-05,PBY,3759,33,40,NA,18,40,44.4,0,0,-0.45454545454545453
2021-09-05,PLT,3153,8,25.5,NA,8,25.5,28.31,0,0,0
2021-09-05,PLT,3364,10,36,NA,NA,NA,NA,1,0,NA
2021-09-05,PLT,3458,25,35,NA,25,35,38.85,0,0,0
2021-09-05,PLT,3813,6,36,NA,6,36,39.96,0,0,0
2021-09-05,SGC,3089,46,38,NA,NA,NA,NA,1,0,NA
2021-09-05,SGC,3153,30,25.5,NA,26,25.5,28.31,0,0,-0.13333333333333333
2021-09-05,SGC,3201,20,35,NA,20,35,38.85,0,0,0
2021-09-05,SGC,3759,20,40,NA,26,40,44.4,0,0,0.3
2021-09-05,SGC,3828,10,35,NA,25,35,38.85,0,0,1.5
2021-09-05,WKH,3200,16,30,NA,16,35,38.85,0,0,0
2021-09-05,WKH,3759,20,40,NA,20,40,44.4,0,0,0
2021-09-12,AFC,3138,5,36,NA,5,36,39.96,0,0,0
2021-09-12,AFC,3200,10,30,NA,NA,NA,NA,1,0,NA
2021-09-12,AFC,3201,6,35,NA,6,35,38.85,0,0,0
2021-09-12,CBS,3153,20,25.5,NA,20,25.5,28.31,0,0,0
2021-09-12,CBS,3201,20,35,NA,20,35,38.85,0,0,0
2021-09-12,CHO,3200,38,30,NA,26,35,38.85,0,0,-0.3157894736842105
2021-09-12,CHO,3458,8,35,NA,8,35,38.85,0,0,0
2021-09-12,CHO,3828,20,35,NA,20,35,38.85,0,0,0
2021-09-12,CLP,3717,50,31.62,NA,50,31.62,35.1,0,0,0
2021-09-12,CLP,3828,10,35,NA,10,35,38.85,0,0,0
2021-09-12,CVP,3166,10,50,NA,NA,NA,NA,1,0,NA
2021-09-12,CVP,3200,16,30,NA,NA,NA,NA,1,0,NA
2021-09-12,CVP,3755,30,31.62,NA,30,31.62,35.1,0,0,0
2021-09-12,D2D,3138,10,36,NA,10,36,39.96,0,0,0
2021-09-12,D2D,3200,16,30,NA,NA,NA,NA,1,0,NA
2021-09-12,D2D,3755,30,31.62,NA,NA,NA,NA,1,0,NA
2021-09-12,DTF,3202,53,40,NA,53,40,44.4,0,0,0
2021-09-12,DTF,3807,50,23,NA,NA,NA,NA,1,0,NA
2021-09-12,HAF,3138,8,36,NA,8,36,39.96,0,0,0
2021-09-12,HAF,3458,8,35,NA,8,35,38.85,0,0,0
2021-09-12,HAF,3755,12,31.62,NA,12,31.62,35.1,0,0,0
2021-09-12,KHF,3202,13,40,NA,13,40,44.4,0,0,0
2021-09-12,KLF,3717,25,31.62,NA,25,31.62,35.1,0,0,0
2021-09-12,KSL,3138,10,36,NA,10,36,39.96,0,0,0
2021-09-12,LXF,3166,10,50,NA,10,50,55.5,0,0,0
2021-09-12,LXF,3755,36,31.62,NA,38,31.62,35.1,0,0,0.05555555555555555
2021-09-12,LXF,3759,20,40,NA,20,40,44.4,0,0,0
2021-09-12,MHG,3153,8,25.5,NA,8,25.5,28.31,0,0,0
2021-09-12,MHG,3200,25,30,NA,NA,NA,NA,1,0,NA
2021-09-12,MKV,3166,10,50,NA,10,50,55.5,0,0,0
2021-09-12,MKV,3405,30,51,NA,19,51,56.61,0,0,-0.36666666666666664
2021-09-12,MKV,3458,25,35,NA,25,35,38.85,0,0,0
2021-09-12,MLG,3138,10,36,NA,10,36,39.96,0,0,0
2021-09-12,MLG,3759,20,40,NA,20,40,44.4,0,0,0
2021-09-12,MLG,3828,20,35,NA,20,35,38.85,0,0,0
2021-09-12,MLP,3138,10,36,NA,10,36,39.96,0,0,0
2021-09-12,NTN,3755,30,31.62,NA,30,31.62,35.1,0,0,0
2021-09-12,NTN,3828,20,35,NA,20,35,38.85,0,0,0
2021-09-12,PBY,3166,10,50,NA,NA,NA,NA,1,0,NA
2021-09-12,PBY,3592,42,31.45,NA,NA,NA,NA,1,0,NA
2021-09-12,PLT,3138,10,36,NA,NA,NA,NA,1,0,NA
2021-09-12,PLT,3153,8,25.5,NA,8,25.5,28.31,0,0,0
2021-09-12,PLT,3458,25,35,NA,25,35,38.85,0,0,0
2021-09-12,RSV,3755,15,31.62,NA,15,31.62,35.1,0,0,0
2021-09-12,SGC,3153,30,25.5,NA,24,25.5,28.31,0,0,-0.2
2021-09-12,SGC,3201,20,35,NA,20,35,38.85,0,0,0
2021-09-12,SGC,3759,20,40,NA,NA,NA,NA,1,0,NA
2021-09-12,SGC,3807,25,23,NA,8,23,25.53,0,0,-0.68
2021-09-12,SGC,3828,10,35,NA,21,35,38.85,0,0,1.1
2021-09-12,SXF,3759,20,40,NA,NA,NA,NA,1,0,NA
2021-09-12,WKH,3200,16,30,NA,16,35,38.85,0,0,0
2021-09-12,YMF,3717,25,31.62,NA,25,31.62,35.1,0,0,0
2021-09-12,YMF,3755,15,31.62,NA,15,31.62,35.1,0,0,0
2021-09-12,YMF,3759,20,40,NA,20,40,44.4,0,0,0
2021-09-12,YMF,3807,25,23,NA,NA,NA,NA,1,0,NA
2021-09-19,AFC,3201,6,35,NA,NA,NA,NA,1,0,NA
2021-09-19,CBS,3201,20,35,NA,20,35,38.85,0,0,0
2021-09-19,CHO,3202,9,40,NA,9,40,44.4,0,0,0
2021-09-19,CHO,3364,5,36,NA,NA,NA,NA,1,0,NA
2021-09-19,CHO,3813,10,36,NA,NA,NA,NA,1,0,NA
2021-09-19,CHO,3828,20,35,NA,NA,NA,NA,1,0,NA
2021-09-19,CLP,3813,10,36,NA,10,36,39.96,0,0,0
2021-09-19,CLP,3828,10,35,NA,10,35,38.85,0,0,0
2021-09-19,CVP,3171,10,50,NA,NA,NA,NA,1,0,NA
2021-09-19,D2D,3813,10,36,NA,10,36,39.96,0,0,0
2021-09-19,DTF,3202,53,40,NA,53,40,44.4,0,0,0
2021-09-19,KHF,3202,13,40,NA,20,40,44.4,0,0,0.5384615384615384
2021-09-19,KLF,3364,10,36,NA,10,36,39.96,0,0,0
2021-09-19,KSL,3202,12,40,NA,12,40,44.4,0,0,0
2021-09-19,LXF,3132,64,31.62,NA,NA,NA,NA,1,0,NA
2021-09-19,LXF,3171,10,50,NA,10,50,55.5,0,0,0
2021-09-19,MKV,3171,10,50,NA,8,50,55.5,0,0,-0.2
2021-09-19,MKV,3405,30,51,NA,NA,NA,NA,1,0,NA
2021-09-19,MKV,3759,20,40,NA,10,40,44.4,0,0,-0.5
2021-09-19,MLG,3828,20,35,NA,20,35,38.85,0,0,0
2021-09-19,MLP,3202,12,40,NA,12,40,44.4,0,0,0
2021-09-19,NTN,3171,10,50,NA,10,50,55.5,0,0,0
2021-09-19,NTN,3807,23,23,NA,NA,NA,NA,1,0,NA
2021-09-19,NTN,3813,10,36,NA,46,36,39.96,0,0,3.6
2021-09-19,NTN,3828,20,35,NA,20,35,38.85,0,0,0
2021-09-19,PBY,3202,12,40,NA,12,40,44.4,0,0,0
2021-09-19,PBY,3759,20,40,NA,NA,NA,NA,1,0,NA
2021-09-19,PLT,3364,10,36,NA,NA,NA,NA,1,0,NA
2021-09-19,PLT,3813,10,36,NA,10,36,39.96,0,0,0
2021-09-19,SEE,3189,52,35,NA,52,30,33.3,0,0,0
2021-09-19,SGC,3189,25,35,NA,56,35,38.85,0,0,1.24
2021-09-19,SGC,3201,20,35,NA,13,35,38.85,0,0,-0.35
2021-09-19,SGC,3759,20,40,NA,40,40,44.4,0,0,1
2021-09-19,SGC,3828,10,35,NA,15,35,38.85,0,0,0.5
2021-09-19,WKH,3132,12,31.62,NA,NA,NA,NA,1,0,NA
2021-09-19,WKH,3759,20,40,NA,20,40,44.4,0,0,0
2021-09-19,YMF,3189,25,35,NA,16,35,38.85,0,0,-0.36
2021-09-26,AFC,3201,6,35,NA,NA,NA,NA,1,0,NA
2021-09-26,CBS,3201,20,35,NA,20,35,38.85,0,0,0
2021-09-26,CBS,3404,66,28,NA,NA,NA,NA,1,0,NA
2021-09-26,CVP,3166,10,50,NA,0,50,55.5,0,0,-1
2021-09-26,DTF,3807,50,23,NA,NA,NA,NA,1,0,NA
2021-09-26,HAF,3266,10,28.8,NA,34,28.8,31.97,0,0,2.4
2021-09-26,KSL,3592,20,31.45,NA,18,31.45,34.91,0,0,-0.1
2021-09-26,LXF,3166,10,50,NA,10,50,55.5,0,0,0
2021-09-26,MKV,3166,10,50,NA,0,50,55.5,0,0,-1
2021-09-26,MLP,3592,20,31.45,NA,16,31.45,34.91,0,0,-0.2
2021-09-26,NTN,3592,30,31.45,NA,30,31.45,34.91,0,0,0
2021-09-26,PBY,3166,10,50,NA,NA,NA,NA,1,0,NA
2021-09-26,PBY,3592,72,31.45,NA,0,31.45,34.91,0,0,-1
2021-09-26,SGC,3201,20,35,NA,10,35,38.85,0,0,-0.5
2021-09-26,SGC,3592,10,31.45,NA,0,31.45,34.91,0,0,-1
2021-09-26,SGC,3807,25,23,NA,5,23,25.53,0,0,-0.8
2021-09-26,WKH,3592,10,31.45,NA,NA,NA,NA,1,0,NA
2021-09-26,YMF,3592,30,31.45,NA,15,31.45,34.91,0,0,-0.5
2021-09-26,YMF,3807,25,23,NA,0,23,25.53,0,0,-1
2021-10-03,CBS,3188,25,24.65,NA,25,24.65,27.36,0,0,0
2021-10-03,CLP,3613,16,26.31,NA,16,26.31,29.2,0,0,0
2021-10-03,CVP,3171,10,50,NA,NA,NA,NA,1,0,NA
2021-10-03,CVP,3755,30,31.62,NA,35,31.62,35.1,0,0,0.16666666666666666
2021-10-03,D2D,3079,10,42.16,NA,NA,NA,NA,1,0,NA
2021-10-03,D2D,3755,30,31.62,NA,NA,NA,NA,1,0,NA
2021-10-03,HAF,3755,12,31.62,NA,NA,NA,NA,1,0,NA
2021-10-03,LXF,3079,40,42.16,NA,40,42.16,46.8,0,0,0
2021-10-03,LXF,3132,84,31.62,NA,NA,NA,NA,1,0,NA
2021-10-03,LXF,3171,10,50,NA,10,50,55.5,0,0,0
2021-10-03,LXF,3613,18,26.31,NA,18,26.31,29.2,0,0,0
2021-10-03,LXF,3759,20,40,NA,20,40,44.4,0,0,0
2021-10-03,MHG,3613,16,26.31,NA,NA,NA,NA,1,0,NA
2021-10-03,MKV,3171,10,50,NA,NA,NA,NA,1,0,NA
2021-10-03,MLG,3759,20,40,NA,20,40,44.4,0,0,0
2021-10-03,NTN,3079,10,42.16,NA,10,42.16,46.8,0,0,0
2021-10-03,NTN,3171,10,50,NA,10,50,55.5,0,0,0
2021-10-03,NTN,3755,30,31.62,NA,46,31.62,35.1,0,0,0.5333333333333333
2021-10-03,NTN,3807,23,23,NA,NA,NA,NA,1,0,NA
2021-10-03,PBY,3592,42,31.45,NA,NA,NA,NA,1,0,NA
2021-10-03,PBY,3613,16,26.31,NA,16,26.31,29.2,0,0,0
2021-10-03,RSV,3755,15,31.62,NA,15,31.62,35.1,0,0,0
2021-10-03,SEE,3188,68,24.65,NA,68,18,19.98,0,0,0
2021-10-03,SGC,3188,25,24.65,NA,75,24.65,27.36,0,0,2
2021-10-03,SGC,3189,25,35,NA,75,35,38.85,0,0,2
2021-10-03,SGC,3759,20,40,NA,20,40,44.4,0,0,0
2021-10-03,SXF,3759,20,40,NA,NA,NA,NA,1,0,NA
2021-10-03,WKH,3132,72,31.62,NA,NA,NA,NA,1,0,NA
2021-10-03,YMF,3079,30,42.16,NA,29,42.16,46.8,0,0,-0.03333333333333333
2021-10-03,YMF,3132,12,31.62,NA,27,31.62,35.1,0,0,1.25
2021-10-03,YMF,3189,25,35,NA,10,35,38.85,0,0,-0.6
2021-10-03,YMF,3755,15,31.62,NA,15,31.62,35.1,0,0,0
2021-10-03,YMF,3759,20,40,NA,20,40,44.4,0,0,0
2021-10-10,CBS,3188,25,24.65,NA,38,24.65,27.36,0,0,0.52
2021-10-10,CVP,3166,10,50,NA,10,50,55.5,0,0,0
2021-10-10,CVP,3755,30,31.62,NA,30,31.62,35.1,0,0,0
2021-10-10,D2D,3755,30,31.62,NA,NA,NA,NA,1,0,NA
2021-10-10,HAF,3755,12,31.62,NA,NA,NA,NA,1,0,NA
2021-10-10,KSL,3592,20,31.45,NA,NA,NA,NA,1,0,NA
2021-10-10,LXF,3132,100,31.62,NA,60,31.62,35.1,0,0,-0.4
2021-10-10,LXF,3166,10,50,NA,10,50,55.5,0,0,0
2021-10-10,LXF,3613,18,26.31,NA,18,26.31,29.2,0,0,0
2021-10-10,MHG,3178,25,30,NA,NA,NA,NA,1,0,NA
2021-10-10,MHG,3613,16,26.31,NA,NA,NA,NA,1,0,NA
2021-10-10,MKV,3166,10,50,NA,NA,NA,NA,1,0,NA
2021-10-10,MLP,3592,20,31.45,NA,NA,NA,NA,1,0,NA
2021-10-10,NTN,3592,30,31.45,NA,NA,NA,NA,1,0,NA
2021-10-10,NTN,3755,30,31.62,NA,30,31.62,35.1,0,0,0
2021-10-10,PBY,3166,10,50,NA,NA,NA,NA,1,0,NA
2021-10-10,PBY,3592,30,31.45,NA,NA,NA,NA,1,0,NA
2021-10-10,PBY,3613,16,26.31,NA,16,26.31,29.2,0,0,0
2021-10-10,RSV,3755,15,31.62,NA,30,31.62,35.1,0,0,1
2021-10-10,SGC,3188,25,24.65,NA,57,24.65,27.36,0,0,1.28
2021-10-10,SGC,3592,10,31.45,NA,NA,NA,NA,1,0,NA
2021-10-10,WKH,3132,60,31.62,NA,NA,NA,NA,1,0,NA
2021-10-10,WKH,3592,10,31.45,NA,NA,NA,NA,1,0,NA
2021-10-10,YMF,3099,75,36,NA,NA,NA,NA,1,0,NA
2021-10-10,YMF,3132,12,31.62,NA,12,31.62,35.1,0,0,0
2021-10-10,YMF,3178,25,30,NA,15,30,33.3,0,0,-0.4
2021-10-10,YMF,3592,30,31.45,NA,NA,NA,NA,1,0,NA
2021-10-10,YMF,3755,15,31.62,NA,15,31.62,35.1,0,0,0
2021-10-10,YMF,3775,18,30,NA,NA,NA,NA,1,0,NA
2021-10-17,CBS,3188,25,24.65,NA,NA,NA,NA,1,0,NA
2021-10-17,CLP,3613,16,26.31,NA,16,26.31,29.2,0,0,0
2021-10-17,CVP,3171,10,50,NA,NA,NA,NA,1,0,NA
2021-10-17,CVP,3755,30,31.62,NA,55,31.62,35.1,0,0,0.8333333333333334
2021-10-17,D2D,3755,30,31.62,NA,NA,NA,NA,1,0,NA
2021-10-17,HAF,3755,12,31.62,NA,NA,NA,NA,1,0,NA
2021-10-17,LKW,3759,5,40,NA,NA,NA,NA,1,0,NA
2021-10-17,LXF,3132,60,31.62,NA,60,31.62,35.1,0,0,0
2021-10-17,LXF,3171,10,50,NA,NA,NA,NA,1,0,NA
2021-10-17,LXF,3613,18,26.31,NA,NA,NA,NA,1,0,NA
2021-10-17,MHG,3178,25,30,NA,NA,NA,NA,1,0,NA
2021-10-17,MHG,3613,16,26.31,NA,NA,NA,NA,1,0,NA
2021-10-17,MKV,3171,10,50,NA,NA,NA,NA,1,0,NA
2021-10-17,MKV,3759,20,40,NA,NA,NA,NA,1,0,NA
2021-10-17,NTN,3171,10,50,NA,NA,NA,NA,1,0,NA
2021-10-17,NTN,3755,30,31.62,NA,30,31.62,35.1,0,0,0
2021-10-17,NTN,3759,10,40,NA,5,40,44.4,0,0,-0.5
2021-10-17,NTN,3807,23,23,NA,NA,NA,NA,1,0,NA
2021-10-17,PBY,3592,42,31.45,NA,NA,NA,NA,1,0,NA
2021-10-17,PBY,3613,16,26.31,NA,16,26.31,29.2,0,0,0
2021-10-17,PBY,3759,20,40,NA,NA,NA,NA,1,0,NA
2021-10-17,RSV,3755,15,31.62,NA,15,31.62,35.1,0,0,0
2021-10-17,SEE,3189,52,35,NA,24,30,33.3,0,0,-0.5384615384615384
2021-10-17,SGC,3188,25,24.65,NA,67,24.65,27.36,0,0,1.68
2021-10-17,SGC,3189,25,35,NA,10,35,38.85,0,0,-0.6
2021-10-17,SGC,3754,10,34,NA,40,34,37.74,0,0,3
2021-10-17,SGC,3759,20,40,NA,8,40,44.4,0,0,-0.6
2021-10-17,WKH,3132,60,31.62,NA,NA,NA,NA,1,0,NA
2021-10-17,WKH,3759,20,40,NA,13,40,44.4,0,0,-0.35
2021-10-17,YMF,3132,12,31.62,NA,NA,NA,NA,1,0,NA
2021-10-17,YMF,3178,25,30,NA,26,30,33.3,0,0,0.04
2021-10-17,YMF,3189,25,35,NA,22,35,38.85,0,0,-0.12
2021-10-17,YMF,3266,38,28.8,NA,NA,NA,NA,1,0,NA
2021-10-17,YMF,3755,15,31.62,NA,15,31.62,35.1,0,0,0
2021-10-17,YMF,3813,38,36,NA,38,36,39.96,0,0,0
2021-10-17,NA,3759,8,40,NA,NA,NA,NA,1,0,NA
2021-10-24,CBS,3188,25,24.65,NA,NA,NA,NA,1,0,NA
2021-10-24,CLP,3613,16,26.31,NA,16,26.31,29.2,0,0,0
2021-10-24,CVP,3755,30,31.62,NA,NA,NA,NA,1,0,NA
2021-10-24,D2D,3755,30,31.62,NA,NA,NA,NA,1,0,NA
2021-10-24,HAF,3755,12,31.62,NA,NA,NA,NA,1,0,NA
2021-10-24,LXF,3132,84,31.62,NA,NA,NA,NA,1,0,NA
2021-10-24,LXF,3613,18,26.31,NA,NA,NA,NA,1,0,NA
2021-10-24,MHG,3178,25,30,NA,NA,NA,NA,1,0,NA
2021-10-24,MHG,3613,16,26.31,NA,NA,NA,NA,1,0,NA
2021-10-24,NTN,3755,30,31.62,NA,30,31.62,35.1,0,0,0
2021-10-24,PBY,3613,16,26.31,NA,NA,NA,NA,1,0,NA
2021-10-24,RSV,3755,15,31.62,NA,15,31.62,35.1,0,0,0
2021-10-24,SGC,3188,25,24.65,NA,NA,NA,NA,1,0,NA
2021-10-24,WKH,3132,72,31.62,NA,NA,NA,NA,1,0,NA
2021-10-24,YMF,3132,12,31.62,NA,NA,NA,NA,1,0,NA
2021-10-24,YMF,3178,25,30,NA,29,30,33.3,0,0,0.16
2021-10-24,YMF,3755,15,31.62,NA,13,31.62,35.1,0,0,-0.13333333333333333
2021-10-31,AFC,3754,5,34,NA,NA,NA,NA,1,0,NA
2021-10-31,D2D,3754,15,34,NA,NA,NA,NA,1,0,NA
2021-10-31,LXF,3759,20,40,NA,20,40,44.4,0,0,0
2021-10-31,MHG,3178,25,30,NA,NA,NA,NA,1,0,NA
2021-10-31,MLG,3759,20,40,NA,NA,NA,NA,1,0,NA
2021-10-31,NTN,3754,15,34,NA,15,34,37.74,0,0,0
2021-10-31,SEE,3188,68,24.65,NA,NA,NA,NA,1,0,NA
2021-10-31,SGC,3189,25,35,NA,NA,NA,NA,1,0,NA
2021-10-31,SGC,3754,15,34,NA,NA,NA,NA,1,0,NA
2021-10-31,SGC,3759,20,40,NA,NA,NA,NA,1,0,NA
2021-10-31,SXF,3759,20,40,NA,NA,NA,NA,1,0,NA
2021-10-31,YMF,3178,25,30,NA,NA,NA,NA,1,0,NA
2021-10-31,YMF,3189,25,35,NA,NA,NA,NA,1,0,NA
2021-10-31,YMF,3759,20,40,NA,NA,NA,NA,1,0,NA
2021-11-07,AFC,3754,15,34,NA,NA,NA,NA,1,0,NA
2021-11-07,CBS,3188,25,24.65,NA,NA,NA,NA,1,0,NA
2021-11-07,D2D,3754,15,34,NA,NA,NA,NA,1,0,NA
2021-11-07,LXF,3132,40,31.62,NA,NA,NA,NA,1,0,NA
2021-11-07,MKV,3759,20,40,NA,NA,NA,NA,1,0,NA
2021-11-07,NTN,3754,15,34,NA,NA,NA,NA,1,0,NA
2021-11-07,PBY,3759,20,40,NA,NA,NA,NA,1,0,NA
2021-11-07,SEE,3806,75,36,NA,NA,NA,NA,1,0,NA
2021-11-07,SGC,3188,25,24.65,NA,NA,NA,NA,1,0,NA
2021-11-07,SGC,3754,5,34,NA,NA,NA,NA,1,0,NA
2021-11-07,SGC,3759,35,40,NA,NA,NA,NA,1,0,NA
2021-11-07,WKH,3759,20,40,NA,NA,NA,NA,1,0,NA
2021-11-14,AFC,3754,5,34,NA,NA,NA,NA,1,0,NA
2021-11-14,D2D,3754,15,34,NA,NA,NA,NA,1,0,NA
2021-11-14,LXF,3759,20,40,NA,NA,NA,NA,1,0,NA
2021-11-14,MLG,3759,20,40,NA,NA,NA,NA,1,0,NA
2021-11-14,NTN,3754,15,34,NA,30,34,37.74,0,0,1
2021-11-14,SEE,NA,75,44.4,NA,NA,NA,NA,1,0,NA
2021-11-14,SGC,3754,15,34,NA,NA,NA,NA,1,0,NA
2021-11-14,SGC,3759,20,40,NA,NA,NA,NA,1,0,NA
2021-11-14,SXF,3759,20,40,NA,NA,NA,NA,1,0,NA
2021-11-14,YMF,3759,20,40,NA,NA,NA,NA,1,0,NA
2021-11-21,AFC,3754,5,34,NA,NA,NA,NA,1,0,NA
2021-11-21,D2D,3754,15,34,NA,NA,NA,NA,1,0,NA
2021-11-21,LXF,3132,24,31.62,NA,NA,NA,NA,1,0,NA
2021-11-21,NTN,3754,15,34,NA,NA,NA,NA,1,0,NA
2021-11-21,SEE,3188,68,24.65,NA,NA,NA,NA,1,0,NA
2021-11-21,SGC,3754,15,34,NA,NA,NA,NA,1,0,NA
2021-11-21,WKH,3132,12,31.62,NA,NA,NA,NA,1,0,NA
2021-11-28,SEE,NA,75,44.4,NA,NA,NA,NA,1,0,NA
2022-06-05,CBS,3278,20,43.5,48.29,NA,NA,NA,1,0,NA
2022-06-05,CHO,3278,20,43.5,48.29,NA,NA,NA,1,0,NA
2022-06-05,CMA,3266,5,33.75,37.46,NA,NA,NA,1,0,NA
2022-06-05,CMU,3266,12,33.75,37.46,NA,NA,NA,1,0,NA
2022-06-05,CVP,3266,12,33.75,37.46,NA,NA,NA,1,0,NA
2022-06-05,JWI,3278,10,43.5,48.29,NA,NA,NA,1,0,NA
2022-06-05,KHF,3806,15,42.75,47.45,NA,NA,NA,1,0,NA
2022-06-05,ONC,3266,5,33.75,37.46,NA,NA,NA,1,0,NA
2022-06-05,TEB,3266,12,33.75,37.46,NA,NA,NA,1,0,NA
2022-06-05,YMF,3266,10,33.75,37.46,NA,NA,NA,1,0,NA
2022-06-05,YMF,3806,10,42.75,47.45,NA,NA,NA,1,0,NA
2022-06-12,CBS,3278,15,43.5,48.29,NA,NA,NA,1,0,NA
2022-06-12,CHO,3278,20,43.5,48.29,NA,NA,NA,1,0,NA
2022-06-12,CMA,3266,5,33.75,37.46,NA,NA,NA,1,0,NA
2022-06-12,CMU,3266,12,33.75,37.46,12,37.25,41.35,0,0,0
2022-06-12,CVP,3266,12,33.75,37.46,12,37.25,41.35,0,0,0
2022-06-12,JWI,3278,15,43.5,48.29,NA,NA,NA,1,0,NA
2022-06-12,KHF,3806,15,42.75,47.45,15,42.75,47.45,0,0,0
2022-06-12,ONC,3266,5,33.75,37.46,NA,NA,NA,1,0,NA
2022-06-12,TEB,3266,12,33.75,37.46,NA,NA,NA,1,0,NA
2022-06-12,YMF,3266,10,33.75,37.46,NA,NA,NA,1,0,NA
2022-06-12,YMF,3806,10,42.75,47.45,NA,NA,NA,1,0,NA
2022-06-19,CBO,3278,5,43.5,48.29,NA,NA,NA,1,0,NA
2022-06-19,CBS,3278,15,43.5,48.29,NA,NA,NA,1,0,NA
2022-06-19,CHO,3278,20,43.5,48.29,NA,NA,NA,1,0,NA
2022-06-19,CMA,3266,5,33.75,37.46,NA,NA,NA,1,0,NA
2022-06-19,CMA,3278,5,43.5,48.29,NA,NA,NA,1,0,NA
2022-06-19,CMU,3266,12,33.75,37.46,12,37.25,41.35,0,0,0
2022-06-19,CVP,3266,12,33.75,37.46,12,37.25,41.35,0,0,0
2022-06-19,JWI,3278,5,43.5,48.29,NA,NA,NA,1,0,NA
2022-06-19,KHF,3806,15,42.75,47.45,15,42.75,47.45,0,0,0
2022-06-19,ONC,3266,5,33.75,37.46,NA,NA,NA,1,0,NA
2022-06-19,TEB,3266,12,33.75,37.46,NA,NA,NA,1,0,NA
2022-06-19,YMF,3266,10,33.75,37.46,10,37.25,41.35,0,0,0
2022-06-19,YMF,3806,10,42.75,47.45,10,42.75,47.45,0,0,0
2022-06-26,CBS,3278,10,43.5,48.29,5,43.5,48.29,0,0,-0.5
2022-06-26,CHO,3278,20,43.5,48.29,NA,NA,NA,1,0,NA
2022-06-26,CMA,3266,5,33.75,37.46,NA,NA,NA,1,0,NA
2022-06-26,CMU,3266,12,33.75,37.46,12,33.75,37.46,0,0,0
2022-06-26,CVP,3266,12,33.75,37.46,24,33.75,37.46,0,0,1
2022-06-26,D2D,3278,10,43.5,48.29,15,43.5,48.29,0,0,0.5
2022-06-26,JWI,3278,10,43.5,48.29,NA,NA,NA,1,0,NA
2022-06-26,KHF,3806,15,42.75,47.45,NA,NA,NA,1,0,NA
2022-06-26,ONC,3266,5,33.75,37.46,NA,NA,NA,1,0,NA
2022-06-26,TEB,3266,12,33.75,37.46,12,33.75,37.46,0,0,0
2022-06-26,YMF,3266,10,33.75,37.46,NA,NA,NA,1,0,NA
2022-06-26,YMF,3806,10,42.75,47.45,NA,NA,NA,1,0,NA
2022-07-03,AFC,3138,8,42.75,47.45,8,42.75,47.45,0,0,0
2022-07-03,CBS,3278,10,43.5,48.29,NA,NA,NA,1,0,NA
2022-07-03,CHO,3182,22,24,26.64,NA,NA,NA,1,0,NA
2022-07-03,CHO,3278,20,43.5,48.29,20,43.5,48.29,0,0,0
2022-07-03,CLP,3182,18,24,26.64,NA,NA,NA,1,0,NA
2022-07-03,CMA,3266,5,33.75,37.46,NA,NA,NA,1,0,NA
2022-07-03,CMU,3266,12,33.75,37.46,10,33.75,37.46,0,0,-0.16666666666666666
2022-07-03,CVP,3266,12,33.75,37.46,12,33.75,37.46,0,0,0
2022-07-03,D2D,3182,18,24,26.64,NA,NA,NA,1,0,NA
2022-07-03,D2D,3278,10,43.5,48.29,10,43.5,48.29,0,0,0
2022-07-03,JWI,3278,10,43.5,48.29,NA,NA,NA,1,0,NA
2022-07-03,KHF,3806,15,42.75,47.45,NA,NA,NA,1,0,NA
2022-07-03,MFP,3573,10,46.25,51.34,NA,NA,NA,1,0,NA
2022-07-03,ONC,3266,5,33.75,37.46,NA,NA,NA,1,0,NA
2022-07-03,PBY,3573,10,46.25,51.34,NA,NA,NA,1,0,NA
2022-07-03,TEB,3266,12,33.75,37.46,NA,NA,NA,1,0,NA
2022-07-03,TEB,3573,10,46.25,51.34,NA,NA,NA,1,0,NA
2022-07-03,YMF,3266,10,33.75,37.46,29,33.75,37.46,0,0,1.9
2022-07-03,YMF,3806,10,42.75,47.45,16,42.75,47.45,0,0,0.6
2022-07-10,AFC,3138,8,42.75,47.45,NA,NA,NA,1,0,NA
2022-07-10,CHO,3182,22,24,26.64,NA,NA,NA,1,0,NA
2022-07-10,CHO,3278,20,43.5,48.29,15,43.5,48.29,0,0,-0.25
2022-07-10,CHO,3362,11,24,26.64,NA,NA,NA,1,0,NA
2022-07-10,CLP,3182,18,24,26.64,NA,NA,NA,1,0,NA
2022-07-10,CMA,3754,5,40.75,45.23,NA,NA,NA,1,0,NA
2022-07-10,D2D,3182,18,24,26.64,NA,NA,NA,1,0,NA
2022-07-10,D2D,3278,10,43.5,48.29,5,43.5,48.29,0,0,-0.5
2022-07-10,HAF,3362,11,24,26.64,NA,NA,NA,1,0,NA
2022-07-10,JWI,3278,10,43.5,48.29,NA,NA,NA,1,0,NA
2022-07-10,KHF,3806,15,42.75,47.45,NA,NA,NA,1,0,NA
2022-07-10,KSL,3362,11,24,26.64,NA,NA,NA,1,0,NA
2022-07-10,LDX,3754,5,40.75,45.23,NA,NA,NA,1,0,NA
2022-07-10,MHG,3362,11,24,26.64,NA,NA,NA,1,0,NA
2022-07-10,ONC,3754,5,40.75,45.23,NA,NA,NA,1,0,NA
2022-07-10,SXF,3362,11,24,26.64,NA,NA,NA,1,0,NA
2022-07-10,YMF,3362,11,24,26.64,NA,NA,NA,1,0,NA
2022-07-10,YMF,3754,5,40.75,45.23,NA,NA,NA,1,0,NA
2022-07-10,YMF,3806,10,42.75,47.45,NA,NA,NA,1,0,NA
2022-07-17,AFC,3138,8,42.75,47.45,NA,NA,NA,1,0,NA
2022-07-17,CHO,3182,22,24,26.64,NA,NA,NA,1,0,NA
2022-07-17,CHO,3278,20,43.5,48.29,20,43.5,48.29,0,0,0
2022-07-17,CLP,3182,18,24,26.64,NA,NA,NA,1,0,NA
2022-07-17,CLP,3362,11,24,26.64,NA,NA,NA,1,0,NA
2022-07-17,CMA,3754,5,40.75,45.23,NA,NA,NA,1,0,NA
2022-07-17,CMA,3813,5,42.75,47.45,NA,NA,NA,1,0,NA
2022-07-17,D2D,3182,18,24,26.64,NA,NA,NA,1,0,NA
2022-07-17,D2D,3278,10,43.5,48.29,10,43.5,48.29,0,0,0
2022-07-17,D2D,3813,5,42.75,47.45,5,42.75,47.45,0,0,0
2022-07-17,HOP,3362,11,24,26.64,NA,NA,NA,1,0,NA
2022-07-17,JWI,3278,10,43.5,48.29,NA,NA,NA,1,0,NA
2022-07-17,JWI,3809,7,71,78.81,NA,NA,NA,1,0,NA
2022-07-17,JWI,3813,5,42.75,47.45,5,42.75,47.45,0,0,0
2022-07-17,LDX,3754,5,40.75,45.23,NA,NA,NA,1,0,NA
2022-07-17,LOF,3362,11,24,26.64,NA,NA,NA,1,0,NA
2022-07-17,MHA,3362,11,24,26.64,NA,NA,NA,1,0,NA
2022-07-17,MLG,3809,5,71,78.81,NA,NA,NA,1,0,NA
2022-07-17,NTN,3809,15,71,78.81,NA,NA,NA,1,0,NA
2022-07-17,NTN,3813,10,42.75,47.45,10,42.75,47.45,0,0,0
2022-07-17,ONC,3754,5,40.75,45.23,NA,NA,NA,1,0,NA
2022-07-17,PBY,3809,10,71,78.81,4,71,78.81,0,0,-0.6
2022-07-17,RSV,3362,11,24,26.64,NA,NA,NA,1,0,NA
2022-07-17,RSV,3809,6,71,78.81,NA,NA,NA,1,0,NA
2022-07-17,TXI,3362,11,24,26.64,NA,NA,NA,1,0,NA
2022-07-17,YMF,3754,5,40.75,45.23,NA,NA,NA,1,0,NA
2022-07-24,AFC,3138,8,42.75,47.45,8,42.75,47.45,0,0,0
2022-07-24,BXF,3138,10,42.75,47.45,NA,NA,NA,1,0,NA
2022-07-24,BXF,3669,15,42.75,47.45,NA,NA,NA,1,0,NA
2022-07-24,BXF,3826,10,35.25,39.13,NA,NA,NA,1,0,NA
2022-07-24,CBO,3138,5,42.75,47.45,NA,NA,NA,1,0,NA
2022-07-24,CBO,3278,10,43.5,48.29,NA,NA,NA,1,0,NA
2022-07-24,CBO,3669,5,42.75,47.45,10,42.75,47.45,0,0,1
2022-07-24,CBO,3813,5,42.75,47.45,5,42.75,47.45,0,0,0
2022-07-24,CHO,3182,22,24,26.64,NA,NA,NA,1,0,NA
2022-07-24,CHO,3278,20,43.5,48.29,40,43.5,48.29,0,0,1
2022-07-24,CHO,3362,11,24,26.64,NA,NA,NA,1,0,NA
2022-07-24,CHO,3809,10,71,78.81,NA,NA,NA,1,0,NA
2022-07-24,CLP,3182,18,24,26.64,13,24,26.64,0,0,-0.2777777777777778
2022-07-24,CLP,3813,10,42.75,47.45,10,42.75,47.45,0,0,0
2022-07-24,CLP,3826,10,35.25,39.13,10,35.25,39.13,0,0,0
2022-07-24,CMA,3138,5,42.75,47.45,5,42.75,47.45,0,0,0
2022-07-24,CMA,3278,10,43.5,48.29,NA,NA,NA,1,0,NA
2022-07-24,CMA,3669,5,42.75,47.45,4,42.75,47.45,0,0,-0.2
2022-07-24,CMU,3138,10,42.75,47.45,10,42.75,47.45,0,0,0
2022-07-24,CVP,3826,10,35.25,39.13,10,35.25,39.13,0,0,0
2022-07-24,D2D,3138,10,42.75,47.45,10,42.75,47.45,0,0,0
2022-07-24,D2D,3182,18,24,26.64,17,24,26.64,0,0,-0.05555555555555555
2022-07-24,D2D,3278,10,43.5,48.29,8,43.5,48.29,0,0,-0.2
2022-07-24,D2D,3809,10,71,78.81,NA,NA,NA,1,0,NA
2022-07-24,HAF,3362,11,24,26.64,NA,NA,NA,1,0,NA
2022-07-24,HAF,3809,5,71,78.81,10,71,78.81,0,0,1
2022-07-24,HOP,3099,20,43.25,48.01,NA,NA,NA,1,0,NA
2022-07-24,JWI,3138,5,42.75,47.45,5,42.75,47.45,0,0,0
2022-07-24,JWI,3278,10,43.5,48.29,NA,NA,NA,1,0,NA
2022-07-24,KSL,3362,11,24,26.64,11,24,26.64,0,0,0
2022-07-24,LEE,3809,10,71,78.81,NA,NA,NA,1,0,NA
2022-07-24,LOF,3813,5,42.75,47.45,5,42.75,47.45,0,0,0
2022-07-24,LVO,3138,5,42.75,47.45,NA,NA,NA,1,0,NA
2022-07-24,LVO,3669,5,42.75,47.45,NA,NA,NA,1,0,NA
2022-07-24,MHG,3362,11,24,26.64,NA,NA,NA,1,0,NA
2022-07-24,MLG,3809,10,71,78.81,10,71,78.81,0,0,0
2022-07-24,MLG,3826,10,35.25,39.13,10,35.25,39.13,0,0,0
2022-07-24,MMO,3669,15,42.75,47.45,15,42.75,47.45,0,0,0
2022-07-24,MMO,3813,5,42.75,47.45,5,42.75,47.45,0,0,0
2022-07-24,NTN,3809,15,71,78.81,15,71,78.81,0,0,0
2022-07-24,ONC,3669,5,42.75,47.45,4,42.75,47.45,0,0,-0.2
2022-07-24,ONC,3809,10,71,78.81,4,71,78.81,0,0,-0.6
2022-07-24,PBY,3809,10,71,78.81,10,71,78.81,0,0,0
2022-07-24,RSV,3809,10,71,78.81,NA,NA,NA,1,0,NA
2022-07-24,SXF,3362,11,24,26.64,11,24,26.64,0,0,0
2022-07-24,SXF,3826,50,35.25,39.13,50,35.25,39.13,0,0,0
2022-07-24,TEB,3099,10,43.25,48.01,10,43.25,48.01,0,0,0
2022-07-24,TXI,3826,10,35.25,39.13,10,35.25,39.13,0,0,0
2022-07-24,YMF,3099,20,43.25,48.01,18,43.25,48.01,0,0,-0.1
2022-07-24,YMF,3362,11,24,26.64,NA,NA,NA,1,0,NA
2022-07-24,YMF,3809,10,71,78.81,22,71,78.81,0,0,1.2
2022-07-31,AFC,3138,8,42.75,47.45,8,42.75,47.45,0,0,0
2022-07-31,AGF,3404,46,32.75,36.35,12,32.75,36.35,0,0,-0.7391304347826086
2022-07-31,BXF,3138,10,42.75,47.45,NA,NA,NA,1,0,NA
2022-07-31,BXF,3669,15,42.75,47.45,NA,NA,NA,1,0,NA
2022-07-31,BXF,3826,10,35.25,39.13,10,35.25,39.13,0,0,0
2022-07-31,CBO,3138,5,42.75,47.45,NA,NA,NA,1,0,NA
2022-07-31,CBO,3669,5,42.75,47.45,NA,NA,NA,1,0,NA
2022-07-31,CBS,3404,86,32.75,36.35,NA,NA,NA,1,0,NA
2022-07-31,CHO,3182,22,24,26.64,NA,NA,NA,1,0,NA
2022-07-31,CHO,3809,10,71,78.81,NA,NA,NA,1,0,NA
2022-07-31,CLP,3182,18,24,26.64,15,24,26.64,0,0,-0.16666666666666666
2022-07-31,CLP,3362,11,24,26.64,NA,NA,NA,1,0,NA
2022-07-31,CLP,3826,10,35.25,39.13,NA,NA,NA,1,0,NA
2022-07-31,CMA,3138,5,42.75,47.45,5,42.75,47.45,0,0,0
2022-07-31,CMA,3669,5,42.75,47.45,NA,NA,NA,1,0,NA
2022-07-31,CMA,3754,5,40.75,45.23,NA,NA,NA,1,0,NA
2022-07-31,CMU,3138,10,42.75,47.45,10,42.75,47.45,0,0,0
2022-07-31,CVP,3826,10,35.25,39.13,NA,NA,NA,1,0,NA
2022-07-31,D2D,3138,10,42.75,47.45,10,42.75,47.45,0,0,0
2022-07-31,D2D,3182,18,24,26.64,3,24,26.64,0,0,-0.8333333333333334
2022-07-31,D2D,3809,10,71,78.81,NA,NA,NA,1,0,NA
2022-07-31,HAF,3809,5,71,78.81,5,71,78.81,0,0,0
2022-07-31,HOP,3362,11,24,26.64,NA,NA,NA,1,0,NA
2022-07-31,JWI,3138,5,42.75,47.45,10,42.75,47.45,0,0,1
2022-07-31,LDX,3754,5,40.75,45.23,5,40.75,45.23,0,0,0
2022-07-31,LEE,3809,10,71,78.81,10,71,78.81,0,0,0
2022-07-31,LOF,3362,11,24,26.64,13,24,26.64,0,0,0.18181818181818182
2022-07-31,LVO,3138,5,42.75,47.45,NA,NA,NA,1,0,NA
2022-07-31,LVO,3669,5,42.75,47.45,NA,NA,NA,1,0,NA
2022-07-31,MHA,3362,11,24,26.64,6,24,26.64,0,0,-0.45454545454545453
2022-07-31,MLG,3809,10,71,78.81,5,71,78.81,0,0,-0.5
2022-07-31,MLG,3826,10,35.25,39.13,10,35.25,39.13,0,0,0
2022-07-31,MMO,3669,15,42.75,47.45,11,42.75,47.45,0,0,-0.26666666666666666
2022-07-31,NTN,3809,15,71,78.81,15,71,78.81,0,0,0
2022-07-31,ONC,3669,5,42.75,47.45,NA,NA,NA,1,0,NA
2022-07-31,ONC,3754,5,40.75,45.23,10,40.75,45.23,0,0,1
2022-07-31,PBY,3809,10,71,78.81,10,71,78.81,0,0,0
2022-07-31,RSV,3362,11,24,26.64,NA,NA,NA,1,0,NA
2022-07-31,RSV,3809,5,71,78.81,NA,NA,NA,1,0,NA
2022-07-31,SRF,3809,15,71,78.81,NA,NA,NA,1,0,NA
2022-07-31,SXF,3826,50,35.25,39.13,50,35.25,39.13,0,0,0
2022-07-31,TXI,3362,11,24,26.64,11,24,26.64,0,0,0
2022-07-31,TXI,3826,10,35.25,39.13,10,35.25,39.13,0,0,0
2022-07-31,YMF,3754,5,40.75,45.23,NA,NA,NA,1,0,NA
2022-07-31,YMF,3809,10,71,78.81,10,71,78.81,0,0,0
2022-08-07,AFC,3138,8,42.75,47.45,8,42.75,47.45,0,0,0
2022-08-07,AGF,3404,46,32.75,36.35,NA,NA,NA,1,0,NA
2022-08-07,BXF,3826,10,35.25,39.13,NA,NA,NA,1,0,NA
2022-08-07,CAL,3153,12,30,33.3,NA,NA,NA,1,0,NA
2022-08-07,CBO,3813,5,42.75,47.45,5,42.75,47.45,0,0,0
2022-08-07,CBS,3153,12,30,33.3,NA,NA,NA,1,0,NA
2022-08-07,CBS,3404,86,32.75,36.35,17,32.75,36.35,0,0,-0.8023255813953488
2022-08-07,CHO,3182,22,24,26.64,NA,NA,NA,1,0,NA
2022-08-07,CHO,3362,11,24,26.64,NA,NA,NA,1,0,NA
2022-08-07,CHO,3809,10,71,78.81,NA,NA,NA,1,0,NA
2022-08-07,CLP,3182,18,24,26.64,10,24,26.64,0,0,-0.4444444444444444
2022-08-07,CLP,3362,11,24,26.64,NA,NA,NA,1,0,NA
2022-08-07,CLP,3813,10,42.75,47.45,10,42.75,47.45,0,0,0
2022-08-07,CLP,3826,10,35.25,39.13,10,35.25,39.13,0,0,0
2022-08-07,CMA,3754,5,40.75,45.23,10,40.75,45.23,0,0,1
2022-08-07,CMA,3813,5,42.75,47.45,NA,NA,NA,1,0,NA
2022-08-07,CVP,3826,10,35.25,39.13,10,35.25,39.13,0,0,0
2022-08-07,D2D,3182,18,24,26.64,15,24,26.64,0,0,-0.16666666666666666
2022-08-07,D2D,3809,10,71,78.81,NA,NA,NA,1,0,NA
2022-08-07,D2D,3813,5,42.75,47.45,7,42.75,47.45,0,0,0.4
2022-08-07,HAF,3362,11,24,26.64,6,24,26.64,0,0,-0.45454545454545453
2022-08-07,HAF,3809,5,71,78.81,5,71,78.81,0,0,0
2022-08-07,JWI,3813,5,42.75,47.45,5,42.75,47.45,0,0,0
2022-08-07,KHF,3153,12,30,33.3,NA,NA,NA,1,0,NA
2022-08-07,KHF,3759,10,46.25,51.34,NA,NA,NA,1,0,NA
2022-08-07,KSL,3362,11,24,26.64,NA,NA,NA,1,0,NA
2022-08-07,LDX,3153,10,30,33.3,10,30,33.3,0,0,0
2022-08-07,LDX,3754,5,40.75,45.23,NA,NA,NA,1,0,NA
2022-08-07,LEE,3809,10,71,78.81,10,71,78.81,0,0,0
2022-08-07,LFF,3153,10,30,33.3,15,30,33.3,0,0,0.5
2022-08-07,LOF,3813,5,42.75,47.45,5,42.75,47.45,0,0,0
2022-08-07,MFP,3759,10,46.25,51.34,NA,NA,NA,1,0,NA
2022-08-07,MHG,3362,11,24,26.64,NA,NA,NA,1,0,NA
2022-08-07,MLG,3759,10,46.25,51.34,10,46.25,51.34,0,0,0
2022-08-07,MLG,3809,10,71,78.81,NA,NA,NA,1,0,NA
2022-08-07,MLG,3826,10,35.25,39.13,10,35.25,39.13,0,0,0
2022-08-07,MMO,3813,5,42.75,47.45,5,42.75,47.45,0,0,0
2022-08-07,NTN,3809,15,71,78.81,30,71,78.81,0,0,1
2022-08-07,NTN,3813,10,42.75,47.45,NA,NA,NA,1,0,NA
2022-08-07,ONC,3754,5,40.75,45.23,5,40.75,45.23,0,0,0
2022-08-07,PBY,3809,10,71,78.81,10,71,78.81,0,0,0
2022-08-07,PZM,3153,10,30,33.3,11,30,33.3,0,0,0.1
2022-08-07,RSV,3809,6,71,78.81,NA,NA,NA,1,0,NA
2022-08-07,SRF,3759,30,46.25,51.34,70,46.25,51.34,0,0,1.3333333333333333
2022-08-07,SRF,3809,10,71,78.81,10,71,78.81,0,0,0
2022-08-07,SXF,3362,11,24,26.64,22,24,26.64,0,0,1
2022-08-07,SXF,3826,50,35.25,39.13,50,35.25,39.13,0,0,0
2022-08-07,TXI,3826,10,35.25,39.13,10,35.25,39.13,0,0,0
2022-08-07,YMF,3754,5,40.75,45.23,NA,NA,NA,1,0,NA
2022-08-07,YMF,3809,10,71,78.81,10,71,78.81,0,0,0
2022-08-14,AFC,3138,8,42.75,47.45,8,42.75,47.45,0,0,0
2022-08-14,AGF,3089,15,30.75,34.13,NA,NA,NA,1,0,NA
2022-08-14,AGF,3091,50,31.25,34.69,NA,NA,NA,1,0,NA
2022-08-14,AGF,3404,46,32.75,36.35,46,32.75,36.35,0,0,0
2022-08-14,BXF,3138,10,42.75,47.45,6,42.75,47.45,0,0,-0.4
2022-08-14,BXF,3364,5,42.75,47.45,NA,NA,NA,1,0,NA
2022-08-14,BXF,3702,12,36.5,40.52,12,36.5,40.52,0,0,0
2022-08-14,BXF,3826,10,35.25,39.13,10,35.25,39.13,0,0,0
2022-08-14,BXF,3853,15,36.5,40.52,NA,NA,NA,1,0,NA
2022-08-14,BXF,3854,12,36.5,40.52,12,36.5,40.52,0,0,0
2022-08-14,CAL,3153,12,30,33.3,13,30,33.3,0,0,0.08333333333333333
2022-08-14,CBO,3138,5,42.75,47.45,5,42.75,47.45,0,0,0
2022-08-14,CBS,3153,12,30,33.3,23,30,33.3,0,0,0.9166666666666666
2022-08-14,CBS,3404,86,32.75,36.35,243,32.75,36.35,0,0,1.8255813953488371
2022-08-14,CHO,3182,22,24,26.64,NA,NA,NA,1,0,NA
2022-08-14,CHO,3702,12,36.5,40.52,NA,NA,NA,1,0,NA
2022-08-14,CHO,3853,15,36.5,40.52,NA,NA,NA,1,0,NA
2022-08-14,CHO,3854,12,36.5,40.52,NA,NA,NA,1,0,NA
2022-08-14,CLP,3182,18,24,26.64,9,24,26.64,0,0,-0.5
2022-08-14,CLP,3362,11,24,26.64,7,24,26.64,0,0,-0.36363636363636365
2022-08-14,CLP,3668,10,34.25,38.02,25,34.25,38.02,0,0,1.5
2022-08-14,CLP,3702,12,36.5,40.52,NA,NA,NA,1,0,NA
2022-08-14,CLP,3717,15,37,41.07,2,37,41.07,0,0,-0.8666666666666667
2022-08-14,CLP,3826,10,35.25,39.13,10,35.25,39.13,0,0,0
2022-08-14,CLP,3853,15,36.5,40.52,NA,NA,NA,1,0,NA
2022-08-14,CLP,3854,12,36.5,40.52,NA,NA,NA,1,0,NA
2022-08-14,CMA,3138,5,42.75,47.45,4,42.75,47.45,0,0,-0.2
2022-08-14,CMU,3138,10,42.75,47.45,10,42.75,47.45,0,0,0
2022-08-14,CMU,3853,15,36.5,40.52,NA,NA,NA,1,0,NA
2022-08-14,CTH,3202,15,46,51.06,NA,NA,NA,1,0,NA
2022-08-14,CVP,3702,12,36.5,40.52,10,36.5,40.52,0,0,-0.16666666666666666
2022-08-14,CVP,3826,10,35.25,39.13,10,35.25,39.13,0,0,0
2022-08-14,D2D,3138,10,42.75,47.45,NA,NA,NA,1,0,NA
2022-08-14,D2D,3182,18,24,26.64,NA,NA,NA,1,0,NA
2022-08-14,D2D,3754,5,40.75,45.23,10,40.75,45.23,0,0,1
2022-08-14,DTF,3202,51,46,51.06,51,46,51.06,0,0,0
2022-08-14,HOP,3362,11,24,26.64,NA,NA,NA,1,0,NA
2022-08-14,HOP,3717,10,37,41.07,10,37,41.07,0,0,0
2022-08-14,JWI,3138,5,42.75,47.45,NA,NA,NA,1,0,NA
2022-08-14,KHF,3153,12,30,33.3,49,30,33.3,0,0,3.0833333333333335
2022-08-14,KHF,3202,36,46,51.06,39,46,51.06,0,0,0.08333333333333333
2022-08-14,KHF,3668,10,34.25,38.02,16,34.25,38.02,0,0,0.6
2022-08-14,KSL,3202,15,46,51.06,NA,NA,NA,1,0,NA
2022-08-14,KSL,3364,10,42.75,47.45,NA,NA,NA,1,0,NA
2022-08-14,KSL,3828,15,40.75,45.23,NA,NA,NA,1,0,NA
2022-08-14,KSL,3854,12,36.5,40.52,NA,NA,NA,1,0,NA
2022-08-14,LDX,3153,10,30,33.3,10,30,33.3,0,0,0
2022-08-14,LEE,3828,5,40.75,45.23,NA,NA,NA,1,0,NA
2022-08-14,LFF,3153,10,30,33.3,19,30,33.3,0,0,0.9
2022-08-14,LFF,3828,25,40.75,45.23,22,40.75,45.23,0,0,-0.12
2022-08-14,LOF,3362,11,24,26.64,11,24,26.64,0,0,0
2022-08-14,LOF,3364,5,42.75,47.45,5,42.75,47.45,0,0,0
2022-08-14,LVO,3138,5,42.75,47.45,NA,NA,NA,1,0,NA
2022-08-14,MFP,3153,10,30,33.3,10,30,33.3,0,0,0
2022-08-14,MFP,3364,5,42.75,47.45,NA,NA,NA,1,0,NA
2022-08-14,MHA,3362,11,24,26.64,11,24,26.64,0,0,0
2022-08-14,MHA,3364,5,42.75,47.45,NA,NA,NA,1,0,NA
2022-08-14,MLG,3364,10,42.75,47.45,NA,NA,NA,1,0,NA
2022-08-14,MLG,3702,14,36.5,40.52,14,36.5,40.52,0,0,0
2022-08-14,MLG,3826,10,35.25,39.13,10,35.25,39.13,0,0,0
2022-08-14,MLG,3854,14,36.5,40.52,14,36.5,40.52,0,0,0
2022-08-14,MMO,3364,5,42.75,47.45,NA,NA,NA,1,0,NA
2022-08-14,PBY,3089,10,30.75,34.13,NA,NA,NA,1,0,NA
2022-08-14,PBY,3202,15,46,51.06,NA,NA,NA,1,0,NA
2022-08-14,PBY,3668,10,34.25,38.02,10,34.25,38.02,0,0,0
2022-08-14,PBY,3717,15,37,41.07,15,37,41.07,0,0,0
2022-08-14,PLT,3364,5,42.75,47.45,NA,NA,NA,1,0,NA
2022-08-14,PLT,3668,10,34.25,38.02,10,34.25,38.02,0,0,0
2022-08-14,PLT,3702,12,36.5,40.52,12,36.5,40.52,0,0,0
2022-08-14,PLT,3853,20,36.5,40.52,20,36.5,40.52,0,0,0
2022-08-14,PLT,3854,26,36.5,40.52,14,36.5,40.52,0,0,-0.46153846153846156
2022-08-14,PZM,3828,5,40.75,45.23,13,40.75,45.23,0,0,1.6
2022-08-14,RSV,3362,11,24,26.64,NA,NA,NA,1,0,NA
2022-08-14,SXF,3826,50,35.25,39.13,50,35.25,39.13,0,0,0
2022-08-14,TXI,3362,11,24,26.64,10,24,26.64,0,0,-0.09090909090909091
2022-08-14,TXI,3702,12,36.5,40.52,12,36.5,40.52,0,0,0
2022-08-14,TXI,3826,10,35.25,39.13,10,35.25,39.13,0,0,0
2022-08-14,TXI,3854,12,36.5,40.52,NA,NA,NA,1,0,NA
2022-08-14,YMF,3668,10,34.25,38.02,10,34.25,38.02,0,0,0
2022-08-14,YMF,3702,14,36.5,40.52,14,36.5,40.52,0,0,0
2022-08-14,YMF,3717,10,37,41.07,10,37,41.07,0,0,0
2022-08-14,YMF,3853,20,36.5,40.52,20,36.5,40.52,0,0,0
2022-08-21,AGF,3089,40,30.75,34.13,NA,NA,NA,1,0,NA
2022-08-21,AGF,3201,10,40.5,44.96,NA,NA,NA,1,0,NA
2022-08-21,AGF,3404,46,32.75,36.35,46,32.75,36.35,0,0,0
2022-08-21,BXF,3364,5,42.75,47.45,NA,NA,NA,1,0,NA
2022-08-21,BXF,3702,12,36.5,40.52,11,36.5,40.52,0,0,-0.08333333333333333
2022-08-21,BXF,3826,10,35.25,39.13,10,35.25,39.13,0,0,0
2022-08-21,BXF,3853,15,36.5,40.52,NA,NA,NA,1,0,NA
2022-08-21,BXF,3854,12,36.5,40.52,7,36.5,40.52,0,0,-0.4166666666666667
2022-08-21,CAL,3153,12,30,33.3,11,30,33.3,0,0,-0.08333333333333333
2022-08-21,CBO,3813,5,42.75,47.45,7,42.75,47.45,0,0,0.4
2022-08-21,CBS,3153,12,30,33.3,12,30,33.3,0,0,0
2022-08-21,CBS,3201,10,40.5,44.96,NA,NA,NA,1,0,NA
2022-08-21,CBS,3404,86,32.75,36.35,86,32.75,36.35,0,0,0
2022-08-21,CHO,3200,10,40.5,44.96,NA,NA,NA,1,0,NA
2022-08-21,CHO,3458,10,40.5,44.96,NA,NA,NA,1,0,NA
2022-08-21,CHO,3702,12,36.5,40.52,NA,NA,NA,1,0,NA
2022-08-21,CHO,3853,15,36.5,40.52,NA,NA,NA,1,0,NA
2022-08-21,CHO,3854,12,36.5,40.52,NA,NA,NA,1,0,NA
2022-08-21,CLP,3702,12,36.5,40.52,NA,NA,NA,1,0,NA
2022-08-21,CLP,3813,10,42.75,47.45,10,42.75,47.45,0,0,0
2022-08-21,CLP,3826,10,35.25,39.13,NA,NA,NA,1,0,NA
2022-08-21,CLP,3853,15,36.5,40.52,NA,NA,NA,1,0,NA
2022-08-21,CLP,3854,12,36.5,40.52,NA,NA,NA,1,0,NA
2022-08-21,CMA,3813,5,42.75,47.45,3,42.75,47.45,0,0,-0.4
2022-08-21,CTH,3202,15,46,51.06,NA,NA,NA,1,0,NA
2022-08-21,CVP,3702,12,36.5,40.52,13,36.5,40.52,0,0,0.08333333333333333
2022-08-21,CVP,3826,10,35.25,39.13,11,35.25,39.13,0,0,0.1
2022-08-21,D2D,3200,10,40.5,44.96,26,40.5,44.96,0,0,1.6
2022-08-21,D2D,3754,5,40.75,45.23,5,40.75,45.23,0,0,0
2022-08-21,D2D,3813,5,42.75,47.45,9,42.75,47.45,0,0,0.8
2022-08-21,DTF,3202,36,46,51.06,36,46,51.06,0,0,0
2022-08-21,HAF,3758,11,24,26.64,11,24,26.64,0,0,0
2022-08-21,JWI,3813,5,42.75,47.45,5,42.75,47.45,0,0,0
2022-08-21,KHF,3153,12,30,33.3,23,30,33.3,0,0,0.9166666666666666
2022-08-21,KHF,3201,36,40.5,44.96,30,40.5,44.96,0,0,-0.16666666666666666
2022-08-21,KHF,3853,15,36.5,40.52,10,36.5,40.52,0,0,-0.3333333333333333
2022-08-21,KSL,3202,15,46,51.06,NA,NA,NA,1,0,NA
2022-08-21,KSL,3364,10,42.75,47.45,NA,NA,NA,1,0,NA
2022-08-21,KSL,3828,10,40.75,45.23,NA,NA,NA,1,0,NA
2022-08-21,KSL,3854,12,36.5,40.52,NA,NA,NA,1,0,NA
2022-08-21,LDX,3153,10,30,33.3,21,30,33.3,0,0,1.1
2022-08-21,LDX,3458,11,40.5,44.96,NA,NA,NA,1,0,NA
2022-08-21,LEE,3828,10,40.75,45.23,10,40.75,45.23,0,0,0
2022-08-21,LFF,3153,10,30,33.3,15,30,33.3,0,0,0.5
2022-08-21,LFF,3458,25,40.5,44.96,NA,NA,NA,1,0,NA
2022-08-21,LFF,3828,25,40.75,45.23,25,40.75,45.23,0,0,0
2022-08-21,LOF,3364,5,42.75,47.45,NA,NA,NA,1,0,NA
2022-08-21,LOF,3813,5,42.75,47.45,5,42.75,47.45,0,0,0
2022-08-21,MFP,3364,5,42.75,47.45,5,42.75,47.45,0,0,0
2022-08-21,MFP,3828,5,40.75,45.23,12,40.75,45.23,0,0,1.4
2022-08-21,MHA,3364,5,42.75,47.45,NA,NA,NA,1,0,NA
2022-08-21,MHG,3200,10,40.5,44.96,9,40.5,44.96,0,0,-0.1
2022-08-21,MLG,3364,10,42.75,47.45,NA,NA,NA,1,0,NA
2022-08-21,MLG,3702,14,36.5,40.52,14,36.5,40.52,0,0,0
2022-08-21,MLG,3758,11,24,26.64,11,24,26.64,0,0,0
2022-08-21,MLG,3826,10,35.25,39.13,10,35.25,39.13,0,0,0
2022-08-21,MLG,3854,14,36.5,40.52,14,36.5,40.52,0,0,0
2022-08-21,MMO,3364,5,42.75,47.45,NA,NA,NA,1,0,NA
2022-08-21,MMO,3813,5,42.75,47.45,NA,NA,NA,1,0,NA
2022-08-21,NTN,3813,10,42.75,47.45,10,42.75,47.45,0,0,0
2022-08-21,PBY,3089,10,30.75,34.13,NA,NA,NA,1,0,NA
2022-08-21,PBY,3201,10,40.5,44.96,NA,NA,NA,1,0,NA
2022-08-21,PLT,3364,5,42.75,47.45,5,42.75,47.45,0,0,0
2022-08-21,PLT,3458,10,40.5,44.96,10,40.5,44.96,0,0,0
2022-08-21,PLT,3702,12,36.5,40.52,12,36.5,40.52,0,0,0
2022-08-21,PLT,3758,22,24,26.64,22,24,26.64,0,0,0
2022-08-21,PLT,3853,20,36.5,40.52,20,36.5,40.52,0,0,0
2022-08-21,PLT,3854,26,36.5,40.52,24,36.5,40.52,0,0,-0.07692307692307693
2022-08-21,PZM,3153,10,30,33.3,10,30,33.3,0,0,0
2022-08-21,PZM,3458,10,40.5,44.96,NA,NA,NA,1,0,NA
2022-08-21,SXF,3758,11,24,26.64,11,24,26.64,0,0,0
2022-08-21,SXF,3826,50,35.25,39.13,50,35.25,39.13,0,0,0
2022-08-21,TXI,3702,12,36.5,40.52,27,36.5,40.52,0,0,1.25
2022-08-21,TXI,3758,11,24,26.64,11,24,26.64,0,0,0
2022-08-21,TXI,3826,10,35.25,39.13,25,35.25,39.13,0,0,1.5
2022-08-21,TXI,3854,12,36.5,40.52,NA,NA,NA,1,0,NA
2022-08-21,YMF,3200,18,40.5,44.96,18,40.5,44.96,0,0,0
2022-08-21,YMF,3702,14,36.5,40.52,14,36.5,40.52,0,0,0
2022-08-21,YMF,3853,20,36.5,40.52,NA,NA,NA,1,0,NA
2022-08-28,AGF,3404,46,32.75,36.35,NA,NA,NA,1,0,NA
2022-08-28,BXF,3364,5,42.75,47.45,NA,NA,NA,1,0,NA
2022-08-28,BXF,3702,12,36.5,40.52,NA,NA,NA,1,0,NA
2022-08-28,BXF,3826,10,35.25,39.13,NA,NA,NA,1,0,NA
2022-08-28,BXF,3853,15,36.5,40.52,NA,NA,NA,1,0,NA
2022-08-28,BXF,3854,12,36.5,40.52,NA,NA,NA,1,0,NA
2022-08-28,CAL,3153,12,30,33.3,12,30,33.3,0,0,0
2022-08-28,CAL,3201,15,40.5,44.96,15,40.5,44.96,0,0,0
2022-08-28,CBS,3153,12,30,33.3,12,30,33.3,0,0,0
2022-08-28,CBS,3201,15,40.5,44.96,NA,NA,NA,1,0,NA
2022-08-28,CBS,3404,86,32.75,36.35,66,32.75,36.35,0,0,-0.23255813953488372
2022-08-28,CHO,3458,10,40.5,44.96,NA,NA,NA,1,0,NA
2022-08-28,CHO,3702,12,36.5,40.52,NA,NA,NA,1,0,NA
2022-08-28,CHO,3853,15,36.5,40.52,NA,NA,NA,1,0,NA
2022-08-28,CHO,3854,12,36.5,40.52,NA,NA,NA,1,0,NA
2022-08-28,CLP,3668,10,34.25,38.02,NA,NA,NA,1,0,NA
2022-08-28,CLP,3702,12,36.5,40.52,NA,NA,NA,1,0,NA
2022-08-28,CLP,3826,10,35.25,39.13,NA,NA,NA,1,0,NA
2022-08-28,CLP,3853,15,36.5,40.52,NA,NA,NA,1,0,NA
2022-08-28,CLP,3854,12,36.5,40.52,NA,NA,NA,1,0,NA
2022-08-28,CMU,3132,11,36.75,40.79,NA,NA,NA,1,0,NA
2022-08-28,CTH,3202,15,46,51.06,NA,NA,NA,1,0,NA
2022-08-28,CVP,3702,12,36.5,40.52,NA,NA,NA,1,0,NA
2022-08-28,CVP,3826,10,35.25,39.13,NA,NA,NA,1,0,NA
2022-08-28,D2D,3754,5,40.75,45.23,5,40.75,45.23,0,0,0
2022-08-28,DTF,3202,36,46,51.06,36,46,51.06,0,0,0
2022-08-28,HAF,3758,11,24,26.64,NA,NA,NA,1,0,NA
2022-08-28,KAL,3132,22,36.75,40.79,NA,NA,NA,1,0,NA
2022-08-28,KHF,3153,12,30,33.3,13,30,33.3,0,0,0.08333333333333333
2022-08-28,KHF,3668,10,34.25,38.02,NA,NA,NA,1,0,NA
2022-08-28,KHF,3759,10,46.25,51.34,NA,NA,NA,1,0,NA
2022-08-28,KHF,3853,15,36.5,40.52,NA,NA,NA,1,0,NA
2022-08-28,KSL,3202,15,46,51.06,NA,NA,NA,1,0,NA
2022-08-28,KSL,3364,10,42.75,47.45,NA,NA,NA,1,0,NA
2022-08-28,KSL,3828,10,40.75,45.23,NA,NA,NA,1,0,NA
2022-08-28,LDX,3153,10,30,33.3,10,30,33.3,0,0,0
2022-08-28,LDX,3458,11,40.5,44.96,NA,NA,NA,1,0,NA
2022-08-28,LEE,3828,10,40.75,45.23,10,40.75,45.23,0,0,0
2022-08-28,LFF,3153,10,30,33.3,10,30,33.3,0,0,0
2022-08-28,LFF,3458,25,40.5,44.96,NA,NA,NA,1,0,NA
2022-08-28,LFF,3828,20,40.75,45.23,10,40.75,45.23,0,0,-0.5
2022-08-28,LOF,3364,5,42.75,47.45,NA,NA,NA,1,0,NA
2022-08-28,MFP,3153,10,30,33.3,10,30,33.3,0,0,0
2022-08-28,MFP,3364,5,42.75,47.45,5,42.75,47.45,0,0,0
2022-08-28,MFP,3458,10,40.5,44.96,10,40.5,44.96,0,0,0
2022-08-28,MFP,3759,10,46.25,51.34,NA,NA,NA,1,0,NA
2022-08-28,MHA,3364,5,42.75,47.45,NA,NA,NA,1,0,NA
2022-08-28,MLG,3364,10,42.75,47.45,10,42.75,47.45,0,0,0
2022-08-28,MLG,3702,14,36.5,40.52,NA,NA,NA,1,0,NA
2022-08-28,MLG,3758,11,24,26.64,NA,NA,NA,1,0,NA
2022-08-28,MLG,3759,10,46.25,51.34,NA,NA,NA,1,0,NA
2022-08-28,MLG,3826,10,35.25,39.13,NA,NA,NA,1,0,NA
2022-08-28,MLG,3854,14,36.5,40.52,NA,NA,NA,1,0,NA
2022-08-28,MMO,3364,5,42.75,47.45,NA,NA,NA,1,0,NA
2022-08-28,PBY,3201,18,40.5,44.96,18,40.5,44.96,0,0,0
2022-08-28,PBY,3668,10,34.25,38.02,NA,NA,NA,1,0,NA
2022-08-28,PLT,3364,5,42.75,47.45,NA,NA,NA,1,0,NA
2022-08-28,PLT,3458,10,40.5,44.96,10,40.5,44.96,0,0,0
2022-08-28,PLT,3668,10,34.25,38.02,NA,NA,NA,1,0,NA
2022-08-28,PLT,3702,12,36.5,40.52,12,36.5,40.52,0,0,0
2022-08-28,PLT,3758,22,24,26.64,22,24,26.64,0,0,0
2022-08-28,PLT,3853,20,36.5,40.52,NA,NA,NA,1,0,NA
2022-08-28,PLT,3854,26,36.5,40.52,14,36.5,40.52,0,0,-0.46153846153846156
2022-08-28,PZM,3828,10,40.75,45.23,10,40.75,45.23,0,0,0
2022-08-28,RSV,3755,22,36.75,40.79,22,36.75,40.79,0,0,0
2022-08-28,SRF,3201,18,40.5,44.96,18,40.5,44.96,0,0,0
2022-08-28,SRF,3759,30,46.25,51.34,50,46.25,51.34,0,0,0.6666666666666666
2022-08-28,SXF,3758,11,24,26.64,11,24,26.64,0,0,0
2022-08-28,SXF,3826,50,35.25,39.13,NA,NA,NA,1,0,NA
2022-08-28,TEB,3854,12,36.5,40.52,12,36.5,40.52,0,0,0
2022-08-28,TXI,3702,12,36.5,40.52,NA,NA,NA,1,0,NA
2022-08-28,TXI,3758,11,24,26.64,22,24,26.64,0,0,1
2022-08-28,TXI,3826,10,35.25,39.13,NA,NA,NA,1,0,NA
2022-08-28,TXI,3854,12,36.5,40.52,NA,NA,NA,1,0,NA
2022-08-28,YMF,3132,11,36.75,40.79,NA,NA,NA,1,0,NA
2022-08-28,YMF,3668,10,34.25,38.02,NA,NA,NA,1,0,NA
2022-08-28,YMF,3702,14,36.5,40.52,NA,NA,NA,1,0,NA
2022-08-28,YMF,3853,20,36.5,40.52,NA,NA,NA,1,0,NA
2022-09-04,AGF,3201,10,40.5,44.96,NA,NA,NA,1,0,NA
2022-09-04,BXF,3364,5,42.75,47.45,NA,NA,NA,1,0,NA
2022-09-04,BXF,3702,12,36.5,40.52,NA,NA,NA,1,0,NA
2022-09-04,BXF,3826,10,35.25,39.13,NA,NA,NA,1,0,NA
2022-09-04,BXF,3853,15,36.5,40.52,NA,NA,NA,1,0,NA
2022-09-04,BXF,3854,12,36.5,40.52,NA,NA,NA,1,0,NA
2022-09-04,CAL,3153,12,30,33.3,NA,NA,NA,1,0,NA
2022-09-04,CBO,3813,5,42.75,47.45,5,42.75,47.45,0,0,0
2022-09-04,CBS,3153,12,30,33.3,12,30,33.3,0,0,0
2022-09-04,CBS,3201,10,40.5,44.96,NA,NA,NA,1,0,NA
2022-09-04,CHO,3458,10,40.5,44.96,NA,NA,NA,1,0,NA
2022-09-04,CHO,3702,12,36.5,40.52,NA,NA,NA,1,0,NA
2022-09-04,CHO,3853,15,36.5,40.52,NA,NA,NA,1,0,NA
2022-09-04,CHO,3854,12,36.5,40.52,NA,NA,NA,1,0,NA
2022-09-04,CLP,3702,12,36.5,40.52,NA,NA,NA,1,0,NA
2022-09-04,CLP,3717,10,37,41.07,10,37,41.07,0,0,0
2022-09-04,CLP,3813,10,42.75,47.45,5,42.75,47.45,0,0,-0.5
2022-09-04,CLP,3826,10,35.25,39.13,10,35.25,39.13,0,0,0
2022-09-04,CLP,3853,15,36.5,40.52,NA,NA,NA,1,0,NA
2022-09-04,CLP,3854,12,36.5,40.52,NA,NA,NA,1,0,NA
2022-09-04,CMA,3813,5,42.75,47.45,NA,NA,NA,1,0,NA
2022-09-04,CMU,3755,33,36.75,40.79,22,36.75,40.79,0,0,-0.3333333333333333
2022-09-04,CVP,3702,12,36.5,40.52,24,36.5,40.52,0,0,1
2022-09-04,CVP,3826,10,35.25,39.13,10,35.25,39.13,0,0,0
2022-09-04,D2D,3754,5,40.75,45.23,NA,NA,NA,1,0,NA
2022-09-04,D2D,3813,5,42.75,47.45,8,42.75,47.45,0,0,0.6
2022-09-04,DTF,3202,36,46,51.06,NA,NA,NA,1,0,NA
2022-09-04,HAF,3758,11,24,26.64,NA,NA,NA,1,0,NA
2022-09-04,HOP,3717,10,37,41.07,10,37,41.07,0,0,0
2022-09-04,JWI,3813,5,42.75,47.45,NA,NA,NA,1,0,NA
2022-09-04,KAL,3755,22,36.75,40.79,NA,NA,NA,1,0,NA
2022-09-04,KHF,3153,12,30,33.3,12,30,33.3,0,0,0
2022-09-04,KHF,3201,36,40.5,44.96,36,40.5,44.96,0,0,0
2022-09-04,KHF,3202,30,46,51.06,49,46,51.06,0,0,0.6333333333333333
2022-09-04,KHF,3759,10,46.25,51.34,NA,NA,NA,1,0,NA
2022-09-04,KHF,3853,15,36.5,40.52,NA,NA,NA,1,0,NA
2022-09-04,KSL,3364,10,42.75,47.45,NA,NA,NA,1,0,NA
2022-09-04,KSL,3828,10,40.75,45.23,NA,NA,NA,1,0,NA
2022-09-04,LDX,3153,10,30,33.3,NA,NA,NA,1,0,NA
2022-09-04,LDX,3458,11,40.5,44.96,NA,NA,NA,1,0,NA
2022-09-04,LEE,3828,10,40.75,45.23,10,40.75,45.23,0,0,0
2022-09-04,LFF,3153,10,30,33.3,10,30,33.3,0,0,0
2022-09-04,LFF,3458,25,40.5,44.96,NA,NA,NA,1,0,NA
2022-09-04,LFF,3828,20,40.75,45.23,15,40.75,45.23,0,0,-0.25
2022-09-04,LOF,3364,5,42.75,47.45,5,42.75,47.45,0,0,0
2022-09-04,LOF,3813,5,42.75,47.45,5,42.75,47.45,0,0,0
2022-09-04,MFP,3364,5,42.75,47.45,NA,NA,NA,1,0,NA
2022-09-04,MFP,3759,10,46.25,51.34,20,46.25,51.34,0,0,1
2022-09-04,MFP,3828,8,40.75,45.23,6,40.75,45.23,0,0,-0.25
2022-09-04,MHA,3364,5,42.75,47.45,NA,NA,NA,1,0,NA
2022-09-04,MLG,3364,10,42.75,47.45,10,42.75,47.45,0,0,0
2022-09-04,MLG,3702,14,36.5,40.52,14,36.5,40.52,0,0,0
2022-09-04,MLG,3755,22,36.75,40.79,22,36.75,40.79,0,0,0
2022-09-04,MLG,3758,11,24,26.64,26,24,26.64,0,0,1.3636363636363635
2022-09-04,MLG,3759,10,46.25,51.34,10,46.25,51.34,0,0,0
2022-09-04,MLG,3826,10,35.25,39.13,10,35.25,39.13,0,0,0
2022-09-04,MLG,3854,14,36.5,40.52,NA,NA,NA,1,0,NA
2022-09-04,MMO,3364,5,42.75,47.45,10,42.75,47.45,0,0,1
2022-09-04,MMO,3813,5,42.75,47.45,5,42.75,47.45,0,0,0
2022-09-04,NTN,3755,22,36.75,40.79,22,36.75,40.79,0,0,0
2022-09-04,NTN,3813,10,42.75,47.45,10,42.75,47.45,0,0,0
2022-09-04,PBY,3201,10,40.5,44.96,10,40.5,44.96,0,0,0
2022-09-04,PBY,3717,15,37,41.07,15,37,41.07,0,0,0
2022-09-04,PLT,3364,5,42.75,47.45,5,42.75,47.45,0,0,0
2022-09-04,PLT,3458,10,40.5,44.96,10,40.5,44.96,0,0,0
2022-09-04,PLT,3702,12,36.5,40.52,49,36.5,40.52,0,0,3.0833333333333335
2022-09-04,PLT,3758,22,24,26.64,22,24,26.64,0,0,0
2022-09-04,PLT,3853,20,36.5,40.52,20,36.5,40.52,0,0,0
2022-09-04,PLT,3854,26,36.5,40.52,20,36.5,40.52,0,0,-0.23076923076923078
2022-09-04,PZM,3153,10,30,33.3,NA,NA,NA,1,0,NA
2022-09-04,PZM,3458,10,40.5,44.96,NA,NA,NA,1,0,NA
2022-09-04,RSV,3755,22,36.75,40.79,22,36.75,40.79,0,0,0
2022-09-04,SRF,3759,30,46.25,51.34,70,46.25,51.34,0,0,1.3333333333333333
2022-09-04,SXF,3758,11,24,26.64,11,24,26.64,0,0,0
2022-09-04,SXF,3826,50,35.25,39.13,100,35.25,39.13,0,0,1
2022-09-04,TEB,3854,12,36.5,40.52,10,36.5,40.52,0,0,-0.16666666666666666
2022-09-04,TXI,3702,12,36.5,40.52,12,36.5,40.52,0,0,0
2022-09-04,TXI,3758,11,24,26.64,11,24,26.64,0,0,0
2022-09-04,TXI,3826,10,35.25,39.13,10,35.25,39.13,0,0,0
2022-09-04,TXI,3854,12,36.5,40.52,NA,NA,NA,1,0,NA
2022-09-04,YMF,3702,14,36.5,40.52,14,36.5,40.52,0,0,0
2022-09-04,YMF,3717,10,37,41.07,10,37,41.07,0,0,0
2022-09-04,YMF,3755,11,36.75,40.79,22,36.75,40.79,0,0,1
2022-09-04,YMF,3853,20,36.5,40.52,40,36.5,40.52,0,0,1
2022-09-11,AGF,3759,20,46.25,51.34,20,46.25,51.34,0,0,0
2022-09-11,BXF,3138,10,42.75,47.45,NA,NA,NA,1,0,NA
2022-09-11,BXF,3364,5,42.75,47.45,NA,NA,NA,1,0,NA
2022-09-11,BXF,3826,10,35.25,39.13,NA,NA,NA,1,0,NA
2022-09-11,CAL,3153,12,30,33.3,NA,NA,NA,1,0,NA
2022-09-11,CAL,3201,15,40.5,44.96,10,40.5,44.96,0,0,-0.3333333333333333
2022-09-11,CAL,3759,20,46.25,51.34,NA,NA,NA,1,0,NA
2022-09-11,CBO,3138,5,42.75,47.45,5,42.75,47.45,0,0,0
2022-09-11,CBS,3153,12,30,33.3,24,30,33.3,0,0,1
2022-09-11,CBS,3201,24,40.5,44.96,NA,NA,NA,1,0,NA
2022-09-11,CHO,3200,10,40.5,44.96,10,40.5,44.96,0,0,0
2022-09-11,CHO,3458,10,40.5,44.96,NA,NA,NA,1,0,NA
2022-09-11,CLP,3668,10,34.25,38.02,10,34.25,38.02,0,0,0
2022-09-11,CLP,3826,10,35.25,39.13,13,35.25,39.13,0,0,0.3
2022-09-11,CMA,3138,5,42.75,47.45,5,42.75,47.45,0,0,0
2022-09-11,CMU,3132,11,36.75,40.79,11,36.75,40.79,0,0,0
2022-09-11,CMU,3138,10,42.75,47.45,5,42.75,47.45,0,0,-0.5
2022-09-11,CMU,3755,11,36.75,40.79,10,36.75,40.79,0,0,-0.09090909090909091
2022-09-11,CTH,3202,15,46,51.06,15,46,51.06,0,0,0
2022-09-11,CVP,3826,10,35.25,39.13,10,35.25,39.13,0,0,0
2022-09-11,D2D,3138,10,42.75,47.45,10,42.75,47.45,0,0,0
2022-09-11,D2D,3200,10,40.5,44.96,20,40.5,44.96,0,0,1
2022-09-11,DTF,3202,36,46,51.06,36,46,51.06,0,0,0
2022-09-11,HAF,3758,11,24,26.64,21,24,26.64,0,0,0.9090909090909091
2022-09-11,JWI,3138,5,42.75,47.45,NA,NA,NA,1,0,NA
2022-09-11,KAL,3132,22,36.75,40.79,NA,NA,NA,1,0,NA
2022-09-11,KHF,3153,12,30,33.3,NA,NA,NA,1,0,NA
2022-09-11,KHF,3668,10,34.25,38.02,NA,NA,NA,1,0,NA
2022-09-11,KHF,3759,10,46.25,51.34,NA,NA,NA,1,0,NA
2022-09-11,KSL,3202,15,46,51.06,NA,NA,NA,1,0,NA
2022-09-11,KSL,3364,10,42.75,47.45,NA,NA,NA,1,0,NA
2022-09-11,KSL,3828,10,40.75,45.23,NA,NA,NA,1,0,NA
2022-09-11,LDX,3153,10,30,33.3,10,30,33.3,0,0,0
2022-09-11,LDX,3458,11,40.5,44.96,11,40.5,44.96,0,0,0
2022-09-11,LEE,3828,10,40.75,45.23,10,40.75,45.23,0,0,0
2022-09-11,LFF,3153,10,30,33.3,15,30,33.3,0,0,0.5
2022-09-11,LFF,3458,25,40.5,44.96,3,40.5,44.96,0,0,-0.88
2022-09-11,LFF,3828,20,40.75,45.23,10,40.75,45.23,0,0,-0.5
2022-09-11,LOF,3364,5,42.75,47.45,5,42.75,47.45,0,0,0
2022-09-11,LVO,3138,5,42.75,47.45,NA,NA,NA,1,0,NA
2022-09-11,MFP,3153,10,30,33.3,20,30,33.3,0,0,1
2022-09-11,MFP,3364,5,42.75,47.45,5,42.75,47.45,0,0,0
2022-09-11,MFP,3458,10,40.5,44.96,10,40.5,44.96,0,0,0
2022-09-11,MFP,3759,10,46.25,51.34,10,46.25,51.34,0,0,0
2022-09-11,MFP,3828,10,40.75,45.23,10,40.75,45.23,0,0,0
2022-09-11,MHA,3364,5,42.75,47.45,NA,NA,NA,1,0,NA
2022-09-11,MHG,3200,10,40.5,44.96,10,40.5,44.96,0,0,0
2022-09-11,MLG,3364,10,42.75,47.45,10,42.75,47.45,0,0,0
2022-09-11,MLG,3755,22,36.75,40.79,27,36.75,40.79,0,0,0.22727272727272727
2022-09-11,MLG,3758,11,24,26.64,6,24,26.64,0,0,-0.45454545454545453
2022-09-11,MLG,3759,10,46.25,51.34,10,46.25,51.34,0,0,0
2022-09-11,MLG,3826,10,35.25,39.13,10,35.25,39.13,0,0,0
2022-09-11,MMO,3364,5,42.75,47.45,10,42.75,47.45,0,0,1
2022-09-11,PBY,3201,9,40.5,44.96,14,40.5,44.96,0,0,0.5555555555555556
2022-09-11,PBY,3592,27,37,41.07,16,37,41.07,0,0,-0.4074074074074074
2022-09-11,PBY,3668,10,34.25,38.02,10,34.25,38.02,0,0,0
2022-09-11,PLT,3364,5,42.75,47.45,5,42.75,47.45,0,0,0
2022-09-11,PLT,3458,10,40.5,44.96,10,40.5,44.96,0,0,0
2022-09-11,PLT,3668,10,34.25,38.02,10,34.25,38.02,0,0,0
2022-09-11,PLT,3758,22,24,26.64,22,24,26.64,0,0,0
2022-09-11,RSV,3755,32,36.75,40.79,32,36.75,40.79,0,0,0
2022-09-11,SRF,3201,18,40.5,44.96,18,40.5,44.96,0,0,0
2022-09-11,SRF,3759,30,46.25,51.34,30,46.25,51.34,0,0,0
2022-09-11,SXF,3758,11,24,26.64,11,24,26.64,0,0,0
2022-09-11,SXF,3826,50,35.25,39.13,50,35.25,39.13,0,0,0
2022-09-11,TXI,3758,11,24,26.64,NA,NA,NA,1,0,NA
2022-09-11,TXI,3826,10,35.25,39.13,5,35.25,39.13,0,0,-0.5
2022-09-11,YMF,3132,11,36.75,40.79,NA,NA,NA,1,0,NA
2022-09-11,YMF,3200,18,40.5,44.96,18,40.5,44.96,0,0,0
2022-09-11,YMF,3668,10,34.25,38.02,23,34.25,38.02,0,0,1.3
2022-09-11,YMF,3755,11,36.75,40.79,NA,NA,NA,1,0,NA
2022-09-18,AGF,3189,90,40.75,45.23,90,40.75,45.23,0,0,0
2022-09-18,AGF,3201,10,40.5,44.96,20,40.5,44.96,0,0,1
2022-09-18,AGF,3759,20,46.25,51.34,NA,NA,NA,1,0,NA
2022-09-18,BXF,3364,5,42.75,47.45,NA,NA,NA,1,0,NA
2022-09-18,CAL,3153,12,30,33.3,12,30,33.3,0,0,0
2022-09-18,CAL,3189,60,40.75,45.23,60,40.75,45.23,0,0,0
2022-09-18,CAL,3759,20,46.25,51.34,NA,NA,NA,1,0,NA
2022-09-18,CBS,3153,12,30,33.3,NA,NA,NA,1,0,NA
2022-09-18,CBS,3201,25,40.5,44.96,NA,NA,NA,1,0,NA
2022-09-18,CHO,3200,10,40.5,44.96,10,40.5,44.96,0,0,0
2022-09-18,CHO,3458,10,40.5,44.96,NA,NA,NA,1,0,NA
2022-09-18,CTH,3202,15,46,51.06,15,46,51.06,0,0,0
2022-09-18,D2D,3200,10,40.5,44.96,18,40.5,44.96,0,0,0.8
2022-09-18,DTF,3202,36,46,51.06,36,46,51.06,0,0,0
2022-09-18,KHF,3153,12,30,33.3,12,30,33.3,0,0,0
2022-09-18,KHF,3201,36,40.5,44.96,36,40.5,44.96,0,0,0
2022-09-18,KHF,3759,10,46.25,51.34,NA,NA,NA,1,0,NA
2022-09-18,KSL,3202,15,46,51.06,NA,NA,NA,1,0,NA
2022-09-18,KSL,3364,10,42.75,47.45,NA,NA,NA,1,0,NA
2022-09-18,KSL,3828,10,40.75,45.23,NA,NA,NA,1,0,NA
2022-09-18,LDX,3153,10,30,33.3,10,30,33.3,0,0,0
2022-09-18,LDX,3458,11,40.5,44.96,NA,NA,NA,1,0,NA
2022-09-18,LEE,3828,10,40.75,45.23,NA,NA,NA,1,0,NA
2022-09-18,LFF,3153,10,30,33.3,10,30,33.3,0,0,0
2022-09-18,LFF,3458,25,40.5,44.96,5,40.5,44.96,0,0,-0.8
2022-09-18,LFF,3828,20,40.75,45.23,5,40.75,45.23,0,0,-0.75
2022-09-18,LOF,3364,5,42.75,47.45,NA,NA,NA,1,0,NA
2022-09-18,MFP,3364,5,42.75,47.45,5,42.75,47.45,0,0,0
2022-09-18,MFP,3759,10,46.25,51.34,10,46.25,51.34,0,0,0
2022-09-18,MHA,3364,5,42.75,47.45,NA,NA,NA,1,0,NA
2022-09-18,MHG,3200,10,40.5,44.96,10,40.5,44.96,0,0,0
2022-09-18,MLG,3364,10,42.75,47.45,10,42.75,47.45,0,0,0
2022-09-18,MLG,3759,10,46.25,51.34,10,46.25,51.34,0,0,0
2022-09-18,MMO,3364,5,42.75,47.45,10,42.75,47.45,0,0,1
2022-09-18,PBY,3201,10,40.5,44.96,35,40.5,44.96,0,0,2.5
2022-09-18,PLT,3364,5,42.75,47.45,5,42.75,47.45,0,0,0
2022-09-18,PLT,3458,10,40.5,44.96,10,40.5,44.96,0,0,0
2022-09-18,PZM,3153,10,30,33.3,13,30,33.3,0,0,0.3
2022-09-18,PZM,3458,10,40.5,44.96,10,40.5,44.96,0,0,0
2022-09-18,PZM,3828,10,40.75,45.23,10,40.75,45.23,0,0,0
2022-09-18,SRF,3759,30,46.25,51.34,30,46.25,51.34,0,0,0
2022-09-18,YMF,3200,18,40.5,44.96,18,40.5,44.96,0,0,0
2022-09-25,AGF,3189,60,40.75,45.23,45,40.75,45.23,0,0,-0.25
2022-09-25,AGF,3449,10,46.25,51.34,NA,NA,NA,1,0,NA
2022-09-25,CAL,3189,65,40.75,45.23,65,40.75,45.23,0,0,0
2022-09-25,CBS,3201,14,40.5,44.96,NA,NA,NA,1,0,NA
2022-09-25,CHO,3200,10,40.5,44.96,20,40.5,44.96,0,0,1
2022-09-25,CHO,3449,10,46.25,51.34,NA,NA,NA,1,0,NA
2022-09-25,D2D,3200,10,40.5,44.96,NA,NA,NA,1,0,NA
2022-09-25,KHF,3201,18,40.5,44.96,NA,NA,NA,1,0,NA
2022-09-25,MFP,3573,10,46.25,51.34,30,46.25,51.34,0,0,2
2022-09-25,MHG,3200,10,40.5,44.96,NA,NA,NA,1,0,NA
2022-09-25,NTN,3449,20,46.25,51.34,20,46.25,51.34,0,0,0
2022-09-25,PBY,3189,25,40.75,45.23,25,40.75,45.23,0,0,0
2022-09-25,PBY,3201,9,40.5,44.96,9,40.5,44.96,0,0,0
2022-09-25,PBY,3573,10,46.25,51.34,20,46.25,51.34,0,0,1
2022-09-25,PZM,3449,10,46.25,51.34,10,46.25,51.34,0,0,0
2022-09-25,PZM,3573,10,46.25,51.34,NA,NA,NA,1,0,NA
2022-09-25,SRF,3201,30,40.5,44.96,30,40.5,44.96,0,0,0
2022-09-25,TEB,3573,10,46.25,51.34,10,46.25,51.34,0,0,0
2022-09-25,YMF,3200,18,40.5,44.96,16,40.5,44.96,0,0,-0.1111111111111111
2022-10-02,AGF,3189,90,40.75,45.23,NA,NA,NA,1,0,NA
2022-10-02,AGF,3759,20,46.25,51.34,13,46.25,51.34,0,0,-0.35
2022-10-02,BXF,3364,5,42.75,47.45,NA,NA,NA,1,0,NA
2022-10-02,CAL,3189,60,40.75,45.23,21,40.75,45.23,0,0,-0.65
2022-10-02,CAL,3759,20,46.25,51.34,39,46.25,51.34,0,0,0.95
2022-10-02,CHO,3278,20,43.5,48.29,NA,NA,NA,1,0,NA
2022-10-02,CLP,3613,11,31,34.41,22,31,34.41,0,0,1
2022-10-02,CMU,3132,11,36.75,40.79,22,36.75,40.79,0,0,1
2022-10-02,D2D,3278,10,43.5,48.29,NA,NA,NA,1,0,NA
2022-10-02,JWI,3278,10,43.5,48.29,20,43.5,48.29,0,0,1
2022-10-02,KAL,3132,22,36.75,40.79,NA,NA,NA,1,0,NA
2022-10-02,KHF,3759,10,46.25,51.34,NA,NA,NA,1,0,NA
2022-10-02,KSL,3364,10,42.75,47.45,NA,NA,NA,1,0,NA
2022-10-02,KSL,3613,11,31,34.41,11,31,34.41,0,0,0
2022-10-02,LOF,3364,5,42.75,47.45,10,42.75,47.45,0,0,1
2022-10-02,MFP,3364,5,42.75,47.45,NA,NA,NA,1,0,NA
2022-10-02,MFP,3759,10,46.25,51.34,NA,NA,NA,1,0,NA
2022-10-02,MHA,3364,5,42.75,47.45,10,42.75,47.45,0,0,1
2022-10-02,MLG,3364,10,42.75,47.45,NA,NA,NA,1,0,NA
2022-10-02,MLG,3759,10,46.25,51.34,5,46.25,51.34,0,0,-0.5
2022-10-02,MMO,3364,5,42.75,47.45,10,42.75,47.45,0,0,1
2022-10-02,NTN,3613,11,31,34.41,23,31,34.41,0,0,1.0909090909090908
2022-10-02,PBY,3613,11,31,34.41,44,31,34.41,0,0,3
2022-10-02,PLT,3364,5,42.75,47.45,NA,NA,NA,1,0,NA
2022-10-02,RSV,3755,22,36.75,40.79,22,36.75,40.79,0,0,0
2022-10-02,SRF,3759,30,46.25,51.34,50,46.25,51.34,0,0,0.6666666666666666
2022-10-02,YMF,3132,11,36.75,40.79,22,36.75,40.79,0,0,1
2022-10-02,YMF,3613,11,31,34.41,22,31,34.41,0,0,1
2022-10-09,AGF,3759,20,46.25,51.34,NA,NA,NA,1,0,NA
2022-10-09,CAL,3759,20,46.25,51.34,20,46.25,51.34,0,0,0
2022-10-09,CLP,3613,11,31,34.41,11,31,34.41,0,0,0
2022-10-09,HAF,3178,22,39,43.29,NA,NA,NA,1,0,NA
2022-10-09,KAL,3132,22,36.75,40.79,NA,NA,NA,1,0,NA
2022-10-09,KHF,3759,10,46.25,51.34,NA,NA,NA,1,0,NA
2022-10-09,KSL,3613,11,31,34.41,NA,NA,NA,1,0,NA
2022-10-09,MFP,3573,10,46.25,51.34,30,46.25,51.34,0,0,2
2022-10-09,MFP,3759,10,46.25,51.34,10,46.25,51.34,0,0,0
2022-10-09,MLG,3759,10,46.25,51.34,10,46.25,51.34,0,0,0
2022-10-09,NTN,3613,11,31,34.41,11,31,34.41,0,0,0
2022-10-09,PBY,3573,10,46.25,51.34,NA,NA,NA,1,0,NA
2022-10-09,PBY,3613,11,31,34.41,22,31,34.41,0,0,1
2022-10-09,PZM,3573,28,46.25,51.34,NA,NA,NA,1,0,NA
2022-10-09,RSV,3755,22,36.75,40.79,22,36.75,40.79,0,0,0
2022-10-09,SRF,3759,30,46.25,51.34,NA,NA,NA,1,0,NA
2022-10-09,TEB,3573,10,46.25,51.34,20,46.25,51.34,0,0,1
2022-10-09,YMF,3132,22,36.75,40.79,22,36.75,40.79,0,0,0
2022-10-09,YMF,3178,22,39,43.29,44,39,43.29,0,0,1
2022-10-09,YMF,3613,11,31,34.41,11,31,34.41,0,0,0
2022-10-16,CLP,3613,11,31,34.41,NA,NA,NA,1,0,NA
2022-10-16,CMU,3132,11,36.75,40.79,NA,NA,NA,1,0,NA
2022-10-16,CMU,3755,11,36.75,40.79,NA,NA,NA,1,0,NA
2022-10-16,HAF,3178,22,39,43.29,NA,NA,NA,1,0,NA
2022-10-16,KSL,3613,11,31,34.41,NA,NA,NA,1,0,NA
2022-10-16,MLG,3755,22,36.75,40.79,NA,NA,NA,1,0,NA
2022-10-16,NTN,3132,22,36.75,40.79,NA,NA,NA,1,0,NA
2022-10-16,NTN,3613,11,31,34.41,NA,NA,NA,1,0,NA
2022-10-16,NTN,3755,22,36.75,40.79,NA,NA,NA,1,0,NA
2022-10-16,PBY,3613,11,31,34.41,NA,NA,NA,1,0,NA
2022-10-16,YMF,3132,33,36.75,40.79,NA,NA,NA,1,0,NA
2022-10-16,YMF,3178,22,39,43.29,NA,NA,NA,1,0,NA
2022-10-16,YMF,3613,11,31,34.41,NA,NA,NA,1,0,NA
2022-10-16,YMF,3755,11,36.75,40.79,NA,NA,NA,1,0,NA
2022-10-23,CLP,3613,11,31,34.41,NA,NA,NA,1,0,NA
2022-10-23,CMU,3132,11,36.75,40.79,NA,NA,NA,1,0,NA
2022-10-23,HAF,3178,22,39,43.29,NA,NA,NA,1,0,NA
2022-10-23,KSL,3613,11,31,34.41,NA,NA,NA,1,0,NA
2022-10-23,NTN,3132,11,36.75,40.79,NA,NA,NA,1,0,NA
2022-10-23,NTN,3613,11,31,34.41,NA,NA,NA,1,0,NA
2022-10-23,PBY,3613,11,31,34.41,NA,NA,NA,1,0,NA
2022-10-23,RSV,3755,11,36.75,40.79,NA,NA,NA,1,0,NA
2022-10-23,YMF,3132,33,36.75,40.79,NA,NA,NA,1,0,NA
2022-10-23,YMF,3178,22,39,43.29,NA,NA,NA,1,0,NA
2022-10-23,YMF,3613,11,31,34.41,NA,NA,NA,1,0,NA
2022-10-30,D2D,NA,22,36.5,40.52,NA,NA,NA,1,0,NA
2022-11-06,CMU,3755,11,36.75,40.79,NA,NA,NA,1,0,NA
2022-11-06,MLG,3755,22,36.75,40.79,NA,NA,NA,1,0,NA
2022-11-06,NTN,3755,22,36.75,40.79,NA,NA,NA,1,0,NA
2022-11-06,YMF,3755,11,36.75,40.79,NA,NA,NA,1,0,NA
2021-06-06,POG,3819,NA,NA,NA,19,84,93.24,0,1,NA
2021-06-06,STF,3806,NA,NA,NA,38,36,39.96,0,1,NA
2021-06-13,D2D,3252,NA,NA,NA,19,36,39.96,0,1,NA
2021-06-13,LXF,3304,NA,NA,NA,30,48,53.28,0,1,NA
2021-06-13,NTN,3813,NA,NA,NA,14,36,39.96,0,1,NA
2021-06-13,POG,3140,NA,NA,NA,36,46.8,51.48,0,1,NA
2021-06-13,STF,3806,NA,NA,NA,15,36,39.96,0,1,NA
2021-06-13,WKH,3573,NA,NA,NA,19,40,44.4,0,1,NA
2021-06-20,SEE,3813,NA,NA,NA,38,24,26.64,0,1,NA
2021-06-20,STF,3806,NA,NA,NA,15,36,39.96,0,1,NA
2021-06-27,LXF,3390,NA,NA,NA,28,100,111,0,1,NA
2021-06-27,NTN,3813,NA,NA,NA,30,36,39.96,0,1,NA
2021-06-27,SEE,3184,NA,NA,NA,40,25,27.75,0,1,NA
2021-07-04,LXF,3184,NA,NA,NA,15,25,27.75,0,1,NA
2021-07-04,MHG,3184,NA,NA,NA,11,20,22.2,0,1,NA
2021-07-04,MLF,3278,NA,NA,NA,5,33.75,37.46,0,1,NA
2021-07-04,SGC,3184,NA,NA,NA,20,20,22.2,0,1,NA
2021-07-04,WKH,3184,NA,NA,NA,20,20,22.2,0,1,NA
2021-07-04,YMF,3216,NA,NA,NA,27,56.25,62.44,0,1,NA
2021-07-11,CHO,3184,NA,NA,NA,10,24,26.64,0,1,NA
2021-07-11,CHO,3278,NA,NA,NA,7,33.75,37.46,0,1,NA
2021-07-11,HAF,3184,NA,NA,NA,20,35,38.85,0,1,NA
2021-07-11,MKV,3754,NA,NA,NA,4,34,37.74,0,1,NA
2021-07-11,SEE,3361,NA,NA,NA,16,25,27.75,0,1,NA
2021-07-11,SEE,3579,NA,NA,NA,24,66.66,73.99,0,1,NA
2021-07-11,SGC,3806,NA,NA,NA,8,36,39.96,0,1,NA
2021-07-11,WKH,3278,NA,NA,NA,39,33.75,37.46,0,1,NA
2021-07-18,CHO,3401,NA,NA,NA,31,62.5,69.38,0,1,NA
2021-07-18,D2D,3754,NA,NA,NA,7,34,37.74,0,1,NA
2021-07-18,MKV,3401,NA,NA,NA,7,62.5,69.38,0,1,NA
2021-07-18,MKV,3756,NA,NA,NA,16,20,22.2,0,1,NA
2021-07-18,MKV,3775,NA,NA,NA,16,30,33.3,0,1,NA
2021-07-18,MLG,3401,NA,NA,NA,15,62.5,69.38,0,1,NA
2021-07-18,PBY,3361,NA,NA,NA,13,20,22.2,0,1,NA
2021-07-18,PBY,3401,NA,NA,NA,13,62.5,69.38,0,1,NA
2021-07-18,PBY,3573,NA,NA,NA,10,40,44.4,0,1,NA
2021-07-18,PBY,3592,NA,NA,NA,12,31.45,34.91,0,1,NA
2021-07-18,POG,3184,NA,NA,NA,30,25,27.75,0,1,NA
2021-07-18,STF,3401,NA,NA,NA,7,62.5,69.38,0,1,NA
2021-07-18,STF,3573,NA,NA,NA,20,40,44.4,0,1,NA
2021-07-18,YMF,3401,NA,NA,NA,18,62.5,69.38,0,1,NA
2021-07-18,YMF,3592,NA,NA,NA,20,31.45,34.91,0,1,NA
2021-07-25,CHO,3184,NA,NA,NA,66,20,22.2,0,1,NA
2021-07-25,CHO,3278,NA,NA,NA,60,33.75,37.46,0,1,NA
2021-07-25,CHO,3401,NA,NA,NA,30,62.5,69.38,0,1,NA
2021-07-25,CHO,3669,NA,NA,NA,34,36,39.96,0,1,NA
2021-07-25,NTN,3184,NA,NA,NA,10,20,22.2,0,1,NA
2021-07-25,PBY,3184,NA,NA,NA,21,20,22.2,0,1,NA
2021-07-25,PBY,3362,NA,NA,NA,32,20,22.2,0,1,NA
2021-07-25,SXF,3826,NA,NA,NA,50,30,33.3,0,1,NA
2021-07-25,WKH,3202,NA,NA,NA,12,40,44.4,0,1,NA
2021-07-25,WKH,3806,NA,NA,NA,21,36,39.96,0,1,NA
2021-07-25,YMF,3099,NA,NA,NA,21,36,39.96,0,1,NA
2021-07-25,YMF,3401,NA,NA,NA,20,62.5,69.38,0,1,NA
2021-08-01,CBS,3153,NA,NA,NA,14,25.5,28.31,0,1,NA
2021-08-01,CHO,3184,NA,NA,NA,30,20,22.2,0,1,NA
2021-08-01,CHO,3401,NA,NA,NA,20,62.5,69.38,0,1,NA
2021-08-01,CHO,3669,NA,NA,NA,20,36,39.96,0,1,NA
2021-08-01,LXF,3362,NA,NA,NA,30,20,22.2,0,1,NA
2021-08-01,MKV,3759,NA,NA,NA,20,40,44.4,0,1,NA
2021-08-01,SEE,3242,NA,NA,NA,34,30,38.63,0,1,NA
2021-08-01,SEE,3828,NA,NA,NA,37,30.25,33.58,0,1,NA
2021-08-01,SGC,3754,NA,NA,NA,7,34,37.74,0,1,NA
2021-08-01,SXF,3826,NA,NA,NA,50,30,33.3,0,1,NA
2021-08-01,YMF,3361,NA,NA,NA,7,20,22.2,0,1,NA
2021-08-08,CBS,3153,NA,NA,NA,66,25.5,28.31,0,1,NA
2021-08-08,CHO,3184,NA,NA,NA,45,20,22.2,0,1,NA
2021-08-08,MHG,3153,NA,NA,NA,8,25.5,28.31,0,1,NA
2021-08-08,MLG,3758,NA,NA,NA,33,20,22.2,0,1,NA
2021-08-08,SEE,3202,NA,NA,NA,40,34,37.74,0,1,NA
2021-08-08,SGC,3153,NA,NA,NA,10,25.5,28.31,0,1,NA
2021-08-08,SXF,3826,NA,NA,NA,50,30,33.3,0,1,NA
2021-08-15,MKV,3405,NA,NA,NA,36,51,56.61,0,1,NA
2021-08-15,MLG,3757,NA,NA,NA,15,31.62,35.1,0,1,NA
2021-08-15,SEE,3828,NA,NA,NA,33,30.25,33.58,0,1,NA
2021-08-15,SGC,3089,NA,NA,NA,6,420,466.2,0,1,NA
2021-08-15,SGC,3091,NA,NA,NA,30,26.25,29.14,0,1,NA
2021-08-15,SXF,3826,NA,NA,NA,50,30,33.3,0,1,NA
2021-08-15,YMF,3202,NA,NA,NA,20,40,44.4,0,1,NA
2021-08-22,D2D,3200,NA,NA,NA,11,35,38.85,0,1,NA
2021-08-22,HAF,3700,NA,NA,NA,38,24,26.64,0,1,NA
2021-08-22,KHF,3200,NA,NA,NA,11,35,38.85,0,1,NA
2021-08-22,KHF,3201,NA,NA,NA,20,35,38.85,0,1,NA
2021-08-22,KHF,3458,NA,NA,NA,5,35,38.85,0,1,NA
2021-08-22,KHF,3828,NA,NA,NA,39,35,38.85,0,1,NA
2021-08-22,LXF,3166,NA,NA,NA,30,50,55.5,0,1,NA
2021-08-22,LXF,3449,NA,NA,NA,45,40,44.4,0,1,NA
2021-08-22,PBY,3592,NA,NA,NA,30,31.45,34.91,0,1,NA
2021-08-22,POG,3717,NA,NA,NA,40,31.62,35.1,0,1,NA
2021-08-22,SGC,3089,NA,NA,NA,3,420,466.2,0,1,NA
2021-08-22,SXF,3826,NA,NA,NA,50,30,33.3,0,1,NA
2021-08-29,CHO,3184,NA,NA,NA,10,20,22.2,0,1,NA
2021-08-29,KHF,3201,NA,NA,NA,20,35,38.85,0,1,NA
2021-08-29,LXF,3828,NA,NA,NA,36,35,38.85,0,1,NA
2021-08-29,MKV,3405,NA,NA,NA,30,51,56.61,0,1,NA
2021-08-29,MLP,3202,NA,NA,NA,10,40,44.4,0,1,NA
2021-08-29,PBY,3202,NA,NA,NA,10,40,44.4,0,1,NA
2021-08-29,PBY,3592,NA,NA,NA,18,31.45,34.91,0,1,NA
2021-08-29,SEE,3828,NA,NA,NA,33,30.25,33.58,0,1,NA
2021-08-29,SGC,3134,NA,NA,NA,67,27,29.97,0,1,NA
2021-08-29,SXF,3826,NA,NA,NA,50,30,33.3,0,1,NA
2021-08-29,YMF,3184,NA,NA,NA,7,20,22.2,0,1,NA
2021-09-05,KHF,3201,NA,NA,NA,20,35,38.85,0,1,NA
2021-09-05,NTN,3813,NA,NA,NA,8,36,39.96,0,1,NA
2021-09-05,SEE,3202,NA,NA,NA,29,34,37.74,0,1,NA
2021-09-05,SGC,3135,NA,NA,NA,293,27,29.97,0,1,NA
2021-09-05,SXF,3826,NA,NA,NA,50,30,33.3,0,1,NA
2021-09-05,YMF,3401,NA,NA,NA,20,62.5,69.38,0,1,NA
2021-09-12,KHF,3201,NA,NA,NA,32,35,38.85,0,1,NA
2021-09-12,NTN,3813,NA,NA,NA,2,36,39.96,0,1,NA
2021-09-12,PBY,3201,NA,NA,NA,32,35,38.85,0,1,NA
2021-09-12,SEE,3828,NA,NA,NA,32,35,38.85,0,1,NA
2021-09-12,SXF,3826,NA,NA,NA,50,30,33.3,0,1,NA
2021-09-12,YMF,3828,NA,NA,NA,3,35,38.85,0,1,NA
2021-09-19,AFC,3138,NA,NA,NA,10,36,39.96,0,1,NA
2021-09-19,D2D,3401,NA,NA,NA,3,62.5,69.38,0,1,NA
2021-09-19,KHF,3201,NA,NA,NA,26,35,38.85,0,1,NA
2021-09-19,MHG,3153,NA,NA,NA,8,25.5,28.31,0,1,NA
2021-09-19,MKV,3401,NA,NA,NA,12,62.5,69.38,0,1,NA
2021-09-19,MKV,3458,NA,NA,NA,25,35,38.85,0,1,NA
2021-09-19,SXF,3826,NA,NA,NA,50,30,33.3,0,1,NA
2021-09-26,AFC,3138,NA,NA,NA,8,36,39.96,0,1,NA
2021-09-26,KHF,3201,NA,NA,NA,26,35,38.85,0,1,NA
2021-09-26,KHF,3202,NA,NA,NA,20,40,44.4,0,1,NA
2021-09-26,LXF,3828,NA,NA,NA,16,35,38.85,0,1,NA
2021-09-26,MKV,3828,NA,NA,NA,27,40,44.4,0,1,NA
2021-09-26,SEE,3759,NA,NA,NA,18,40,44.4,0,1,NA
2021-09-26,STF,3401,NA,NA,NA,16,62.5,69.38,0,1,NA
2021-09-26,STF,3807,NA,NA,NA,50,23,25.53,0,1,NA
2021-09-26,WKH,3411,NA,NA,NA,34,54,59.94,0,1,NA
2021-10-03,CBS,3404,NA,NA,NA,20,28,31.08,0,1,NA
2021-10-03,D2D,3278,NA,NA,NA,15,33.75,37.46,0,1,NA
2021-10-03,KSL,3754,NA,NA,NA,17,29.08,32.28,0,1,NA
2021-10-03,MHG,3278,NA,NA,NA,12,33.75,37.46,0,1,NA
2021-10-03,NTN,3754,NA,NA,NA,57,34,37.74,0,1,NA
2021-10-10,LXF,3828,NA,NA,NA,35,35,38.85,0,1,NA
2021-10-10,MHG,3828,NA,NA,NA,20,35,38.85,0,1,NA
2021-10-10,MLG,3759,NA,NA,NA,40,40,44.4,0,1,NA
2021-10-10,NTN,3613,NA,NA,NA,32,26.31,29.2,0,1,NA
2021-10-10,POG,3190,NA,NA,NA,63,33.25,36.91,0,1,NA
2021-10-10,SEE,3828,NA,NA,NA,32,30.25,33.58,0,1,NA
2021-10-10,WKH,3598,NA,NA,NA,33,31.5,34.97,0,1,NA
2021-10-17,LXF,3166,NA,NA,NA,10,50,55.5,0,1,NA
2021-10-17,NTN,3166,NA,NA,NA,10,50,55.5,0,1,NA
2021-10-17,SEE,3188,NA,NA,NA,32,18,19.98,0,1,NA
2021-10-17,SGC,3768,NA,NA,NA,63,25,27.75,0,1,NA
2021-10-17,WKH,3573,NA,NA,NA,20,40,44.4,0,1,NA
2021-10-24,LXF,3449,NA,NA,NA,30,40,44.4,0,1,NA
2021-10-24,LXF,3828,NA,NA,NA,50,35,38.85,0,1,NA
2021-10-24,PBY,3828,NA,NA,NA,50,35,38.85,0,1,NA
2021-10-24,SEE,3188,NA,NA,NA,30,18,19.98,0,1,NA
2021-10-24,WKH,3598,NA,NA,NA,84,31.5,34.97,0,1,NA
2021-10-31,POG,3544,NA,NA,NA,85,35,38.85,0,1,NA
2021-10-31,SEE,3105,NA,NA,NA,30,23,25.53,0,1,NA
2021-10-31,SGC,3188,NA,NA,NA,25,24.65,27.36,0,1,NA
2021-10-31,SGC,3190,NA,NA,NA,50,24.65,27.36,0,1,NA
2021-10-31,WKH,3300,NA,NA,NA,26,60,66.6,0,1,NA
2021-10-31,WKH,3316,NA,NA,NA,26,36,39.96,0,1,NA
2021-11-07,SEE,3141,NA,NA,NA,9,50,55.5,0,1,NA
2021-11-07,SEE,3188,NA,NA,NA,34,24,26.64,0,1,NA
2021-11-07,SGC,3768,NA,NA,NA,38,25,27.75,0,1,NA
2021-11-14,D2D,3180,NA,NA,NA,13,31.25,34.69,0,1,NA
2021-11-14,OHF,3107,NA,NA,NA,54,24.9,27.64,0,1,NA
2021-11-28,OHF,3613,NA,NA,NA,18,23.75,26.36,0,1,NA
2021-11-28,SEE,3105,NA,NA,NA,450,2.25,2.5,0,1,NA
2022-06-12,CBO,3278,NA,NA,NA,5,43.5,48.29,0,1,NA
2022-06-12,CMA,3278,NA,NA,NA,5,43.5,48.29,0,1,NA
2022-06-19,D2D,3278,NA,NA,NA,15,40.01,48.29,0,1,NA
2022-07-03,HAF,3266,NA,NA,NA,5,33.75,37.46,0,1,NA
2022-07-03,HAF,3806,NA,NA,NA,5,42.75,47.45,0,1,NA
2022-07-03,LVO,3138,NA,NA,NA,5,42.75,47.45,0,1,NA
2022-07-03,NTN,3266,NA,NA,NA,10,33.75,37.46,0,1,NA
2022-07-03,RSV,3806,NA,NA,NA,10,42.75,47.45,0,1,NA
2022-07-10,CBO,3138,NA,NA,NA,10,42.75,47.45,0,1,NA
2022-07-10,CBO,3669,NA,NA,NA,5,42.75,47.45,0,1,NA
2022-07-10,CMA,3266,NA,NA,NA,5,33.75,37.46,0,1,NA
2022-07-10,CMA,3813,NA,NA,NA,5,42.75,47.45,0,1,NA
2022-07-10,CMU,3138,NA,NA,NA,10,42.75,47.45,0,1,NA
2022-07-10,D2D,3138,NA,NA,NA,18,42.75,47.45,0,1,NA
2022-07-10,D2D,3813,NA,NA,NA,16,42.75,47.45,0,1,NA
2022-07-10,HAF,3266,NA,NA,NA,10,33.75,37.46,0,1,NA
2022-07-10,JWI,3813,NA,NA,NA,5,42.75,47.45,0,1,NA
2022-07-10,LVO,3138,NA,NA,NA,5,42.75,47.45,0,1,NA
2022-07-10,NTN,3813,NA,NA,NA,18,42.75,47.45,0,1,NA
2022-07-10,ONC,3266,NA,NA,NA,5,33.75,37.46,0,1,NA
2022-07-10,RSV,3362,NA,NA,NA,12,24,26.64,0,1,NA
2022-07-10,TEB,3266,NA,NA,NA,12,33.75,37.46,0,1,NA
2022-07-10,YMF,3266,NA,NA,NA,3,33.75,37.46,0,1,NA
2022-07-17,CBO,3138,NA,NA,NA,3,42.75,47.45,0,1,NA
2022-07-17,JWI,3138,NA,NA,NA,4,42.75,47.45,0,1,NA
2022-07-17,LVO,3138,NA,NA,NA,1,42.75,47.45,0,1,NA
2022-07-17,YMF,3362,NA,NA,NA,11,24,26.64,0,1,NA
2022-07-24,CLP,3184,NA,NA,NA,18,24,26.64,0,1,NA
2022-07-24,KSL,3669,NA,NA,NA,13,42.75,47.45,0,1,NA
2022-07-31,CBS,3361,NA,NA,NA,8,24,26.64,0,1,NA
2022-07-31,CMA,3813,NA,NA,NA,5,42.75,47.45,0,1,NA
2022-07-31,CVP,3702,NA,NA,NA,12,36.5,40.52,0,1,NA
2022-07-31,D2D,3278,NA,NA,NA,16,43.5,48.29,0,1,NA
2022-07-31,KSL,3669,NA,NA,NA,14,42.75,47.45,0,1,NA
2022-07-31,LDX,3153,NA,NA,NA,10,30,33.3,0,1,NA
2022-07-31,LOF,3364,NA,NA,NA,13,42.75,47.45,0,1,NA
2022-07-31,MHG,3184,NA,NA,NA,5,24,26.64,0,1,NA
2022-07-31,MHG,3362,NA,NA,NA,15,24,26.64,0,1,NA
2022-07-31,MLG,3702,NA,NA,NA,14,36.5,40.52,0,1,NA
2022-07-31,MMO,3813,NA,NA,NA,5,42.75,47.45,0,1,NA
2022-07-31,PZM,3153,NA,NA,NA,21,30,33.3,0,1,NA
2022-08-07,CLP,3184,NA,NA,NA,8,24,26.64,0,1,NA
2022-08-07,CMA,3669,NA,NA,NA,5,42.75,47.45,0,1,NA
2022-08-07,D2D,3138,NA,NA,NA,19,42.75,47.45,0,1,NA
2022-08-07,D2D,3166,NA,NA,NA,1,57.25,63.55,0,1,NA
2022-08-07,HOP,3099,NA,NA,NA,10,43.25,48.01,0,1,NA
2022-08-07,JWI,3138,NA,NA,NA,1,42.75,47.45,0,1,NA
2022-08-07,LFF,3775,NA,NA,NA,18,35,38.85,0,1,NA
2022-08-07,MFP,3266,NA,NA,NA,6,33.75,37.46,0,1,NA
2022-08-07,MLG,3854,NA,NA,NA,12,36.5,40.52,0,1,NA
2022-08-07,ONC,3669,NA,NA,NA,5,42.75,47.45,0,1,NA
2022-08-07,YMF,3362,NA,NA,NA,5,24,26.64,0,1,NA
2022-08-14,AGF,3733,NA,NA,NA,100,26.75,29.69,0,1,NA
2022-08-14,AGF,3734,NA,NA,NA,50,26.75,29.69,0,1,NA
2022-08-14,CLP,3184,NA,NA,NA,7,24,26.64,0,1,NA
2022-08-14,CMA,3754,NA,NA,NA,10,40.75,45.23,0,1,NA
2022-08-14,KHF,3201,NA,NA,NA,15,40.5,44.96,0,1,NA
2022-08-14,MLG,3758,NA,NA,NA,3,24,26.64,0,1,NA
2022-08-14,MLG,3759,NA,NA,NA,10,46.25,51.34,0,1,NA
2022-08-14,ONC,3669,NA,NA,NA,10,42.75,47.45,0,1,NA
2022-08-14,PBY,3759,NA,NA,NA,10,46.25,51.34,0,1,NA
2022-08-14,SRF,3759,NA,NA,NA,3,46.25,51.34,0,1,NA
2022-08-21,AGF,3733,NA,NA,NA,60,26.75,29.69,0,1,NA
2022-08-21,AGF,3734,NA,NA,NA,60,31.25,34.69,0,1,NA
2022-08-21,CHO,3278,NA,NA,NA,40,43.5,48.29,0,1,NA
2022-08-21,CLP,3717,NA,NA,NA,7,37,41.07,0,1,NA
2022-08-21,CMU,3202,NA,NA,NA,10,46,51.06,0,1,NA
2022-08-21,HOP,3362,NA,NA,NA,5,24,26.64,0,1,NA
2022-08-21,KHF,3668,NA,NA,NA,14,34.25,38.02,0,1,NA
2022-08-21,LDX,3754,NA,NA,NA,10,40.75,45.23,0,1,NA
2022-08-21,LFF,3775,NA,NA,NA,25,35,38.85,0,1,NA
2022-08-21,LOF,3362,NA,NA,NA,16,24,26.64,0,1,NA
2022-08-21,MLG,3759,NA,NA,NA,10,46.25,51.34,0,1,NA
2022-08-21,PBY,3592,NA,NA,NA,1,37,41.07,0,1,NA
2022-08-21,PBY,3668,NA,NA,NA,10,34.25,38.02,0,1,NA
2022-08-21,PBY,3717,NA,NA,NA,7,37,41.07,0,1,NA
2022-08-21,RSV,3362,NA,NA,NA,1,24,26.64,0,1,NA
2022-08-21,RSV,3809,NA,NA,NA,4,71,78.81,0,1,NA
2022-08-21,RSV,3828,NA,NA,NA,4,40.75,45.23,0,1,NA
2022-08-21,SRF,3828,NA,NA,NA,10,40.75,45.23,0,1,NA
2022-08-21,TXI,3362,NA,NA,NA,10,24,26.64,0,1,NA
2022-08-28,AGF,3201,NA,NA,NA,7,40.5,44.96,0,1,NA
2022-08-28,AGF,3449,NA,NA,NA,6,46.25,51.34,0,1,NA
2022-08-28,CBO,3138,NA,NA,NA,5,42.75,47.45,0,1,NA
2022-08-28,CBO,3669,NA,NA,NA,5,42.75,47.45,0,1,NA
2022-08-28,CHO,3184,NA,NA,NA,14,24,26.64,0,1,NA
2022-08-28,CHO,3278,NA,NA,NA,60,43.5,48.29,0,1,NA
2022-08-28,CHO,3361,NA,NA,NA,28,24,26.64,0,1,NA
2022-08-28,D2D,3200,NA,NA,NA,30,40.5,44.96,0,1,NA
2022-08-28,HOP,3166,NA,NA,NA,17,57.25,63.55,0,1,NA
2022-08-28,MHG,3200,NA,NA,NA,6,40.5,44.96,0,1,NA
2022-08-28,ONC,3754,NA,NA,NA,9,40.75,45.23,0,1,NA
2022-08-28,PBY,3592,NA,NA,NA,10,37,41.07,0,1,NA
2022-08-28,SRF,3135,NA,NA,NA,0,31.25,34.69,0,1,NA
2022-08-28,SXF,3362,NA,NA,NA,11,24,26.64,0,1,NA
2022-08-28,YMF,3754,NA,NA,NA,10,40.75,45.23,0,1,NA
2022-09-04,CHO,3278,NA,NA,NA,22,43.5,48.29,0,1,NA
2022-09-04,CMU,3202,NA,NA,NA,2,46,51.06,0,1,NA
2022-09-04,CTH,3202,NA,NA,NA,15,46,51.06,0,1,NA
2022-09-04,NTN,3449,NA,NA,NA,5,46.25,51.34,0,1,NA
2022-09-04,ONC,3754,NA,NA,NA,5,40.75,45.23,0,1,NA
2022-09-04,RSV,3362,NA,NA,NA,15,24,26.64,0,1,NA
2022-09-04,RSV,3809,NA,NA,NA,18,71,78.81,0,1,NA
2022-09-04,TEB,3266,NA,NA,NA,10,33.75,37.46,0,1,NA
2022-09-11,AGF,3095,NA,NA,NA,9,455,505.05,0,1,NA
2022-09-11,AGF,3201,NA,NA,NA,10,40.5,44.96,0,1,NA
2022-09-11,CBO,3278,NA,NA,NA,4,43.5,48.29,0,1,NA
2022-09-11,CHO,3278,NA,NA,NA,60,43.5,48.29,0,1,NA
2022-09-11,CHO,3361,NA,NA,NA,20,24,26.64,0,1,NA
2022-09-11,CMA,3754,NA,NA,NA,10,40.75,45.23,0,1,NA
2022-09-11,CVP,3702,NA,NA,NA,10,42.75,47.45,0,1,NA
2022-09-11,LEE,3809,NA,NA,NA,14,71,78.81,0,1,NA
2022-09-11,LOF,3362,NA,NA,NA,15,24,26.64,0,1,NA
2022-09-11,MLG,3809,NA,NA,NA,10,71,78.81,0,1,NA
2022-09-11,ONC,3754,NA,NA,NA,15,40.75,45.23,0,1,NA
2022-09-11,PBY,3089,NA,NA,NA,25,30.75,34.13,0,1,NA
2022-09-11,YMF,3809,NA,NA,NA,12,71,78.81,0,1,NA
2022-09-11,YMF,3853,NA,NA,NA,20,36.5,40.52,0,1,NA
2022-09-18,BXF,3138,NA,NA,NA,10,42.75,47.45,0,1,NA
2022-09-18,CMA,3138,NA,NA,NA,5,42.75,47.45,0,1,NA
2022-09-18,CMA,3754,NA,NA,NA,10,40.75,45.23,0,1,NA
2022-09-18,CMU,3138,NA,NA,NA,10,42.75,47.45,0,1,NA
2022-09-18,CMU,3755,NA,NA,NA,5,36.75,40.79,0,1,NA
2022-09-18,MLG,3828,NA,NA,NA,20,40.75,45.23,0,1,NA
2022-10-02,CBO,3138,NA,NA,NA,5,42.75,47.45,0,1,NA
2022-10-02,CBO,3278,NA,NA,NA,7,43.5,48.29,0,1,NA
2022-10-02,CBO,3813,NA,NA,NA,5,42.75,47.45,0,1,NA
2022-10-02,HOP,3166,NA,NA,NA,50,57.25,63.55,0,1,NA
2022-10-02,MLG,3755,NA,NA,NA,20,36.75,40.79,0,1,NA
2022-10-09,CMU,3132,NA,NA,NA,22,36.75,40.79,0,1,NA
